CustomerID,Recency,Frequency,Monetary,AOV,PredictedLTV,Segment
12346.0,325,2,0.0,0.0,14.091276,Low
12347.0,1,7,4310.0,615.7142857142857,4282.9414,High
12348.0,74,4,1797.24,449.31,1785.1016,High
12349.0,18,1,1757.55,1757.55,1766.9708,High
12350.0,309,1,334.4,334.4,340.60568,Low
12352.0,35,11,1545.41,140.4918181818182,1486.4077,High
12353.0,203,1,89.0,89.0,96.14946,Low
12354.0,231,1,1079.4,1079.4,1036.7151,Medium
12355.0,213,1,459.4,459.4,454.05005,Medium
12356.0,22,3,2811.43,937.1433333333333,2837.4614,High
12357.0,32,1,6207.67,6207.67,6131.221,High
12358.0,1,2,1168.06,584.03,1109.9587,Medium
12359.0,7,6,6245.53,1040.9216666666666,6242.5215,High
12360.0,51,3,2662.06,887.3533333333334,2698.5522,High
12361.0,286,1,189.9,189.9,188.13948,Low
12362.0,2,13,5154.58,396.50615384615384,5033.96,High
12363.0,109,2,552.0,276.0,562.7509,Medium
12364.0,7,4,1313.1,328.275,1347.4819,High
12365.0,290,3,320.69,106.89666666666666,322.1179,Low
12367.0,3,1,168.9,168.9,167.43567,Low
12370.0,50,4,3545.69,886.4225,3539.3018,High
12371.0,44,2,1887.96,943.98,1918.6442,High
12372.0,71,3,1298.04,432.68,1290.1509,High
12373.0,310,1,364.6,364.6,372.40833,Low
12374.0,24,1,742.9300000000001,742.9300000000001,759.5042,Medium
12375.0,2,3,455.42,151.80666666666667,451.92532,Medium
12377.0,314,2,1628.12,814.06,1664.6162,High
12378.0,129,1,4008.62,4008.62,4106.526,High
12379.0,81,3,850.29,283.43,797.36115,Medium
12380.0,21,5,2720.56,544.112,2839.724,High
12381.0,4,6,1803.96,300.66,1708.9117,High
12383.0,184,6,1839.31,306.5516666666667,1779.1108,High
12384.0,28,3,566.16,188.72,567.6041,Medium
12386.0,337,2,401.9,200.95,380.15576,Medium
12388.0,15,6,2780.66,463.4433333333333,2803.4019,High
12390.0,79,1,549.84,549.84,569.89606,Medium
12391.0,21,1,460.89,460.89,456.6874,Medium
12393.0,71,4,1582.6000000000001,395.65000000000003,1610.4587,High
12394.0,63,2,1272.48,636.24,1279.287,High
12395.0,15,15,2998.28,199.88533333333334,3031.7283,High
12397.0,35,2,2409.9,1204.95,2453.4568,High
12398.0,45,1,1635.6599999999999,1635.6599999999999,1601.9026,High
12399.0,118,4,1108.65,277.1625,1114.6931,Medium
12401.0,302,1,84.3,84.3,82.058784,Low
12402.0,322,1,225.6,225.6,232.58264,Low
12403.0,49,2,409.7,204.85,388.53534,Medium
12405.0,148,1,1710.39,1710.39,1701.3147,High
12406.0,21,3,3280.75,1093.5833333333333,3186.196,High
12407.0,49,5,1708.1200000000001,341.624,1745.3073,High
12408.0,32,9,2842.57,315.8411111111111,2823.545,High
12409.0,78,7,11056.93,1579.5614285714287,11048.574,High
12410.0,300,3,681.0799999999999,227.02666666666664,661.90344,Medium
12412.0,74,3,1226.88,408.96000000000004,1180.6655,High
12413.0,66,5,694.15,138.82999999999998,688.85583,Medium
12414.0,216,3,562.41,187.47,567.0638,Medium
12415.0,23,26,123725.45,4758.671153846154,123726.5,High
12417.0,2,12,3578.8,298.23333333333335,3705.8335,High
12418.0,112,1,668.58,668.58,670.0971,Medium
12420.0,63,1,600.39,600.39,602.56995,Medium
12421.0,15,5,806.27,161.254,794.171,Medium
12422.0,95,3,803.5600000000001,267.85333333333335,767.75073,Medium
12423.0,0,9,1849.11,205.45666666666665,1839.9812,High
12424.0,162,2,1760.96,880.48,1751.528,High
12425.0,77,1,777.2,777.2,767.77295,Medium
12426.0,194,1,582.73,582.73,587.2848,Medium
12427.0,11,5,708.37,141.674,698.327,Medium
12428.0,25,12,7877.2,656.4333333333333,7883.814,High
12429.0,8,4,3750.4,937.6,3790.5913,High
12430.0,42,1,256.4,256.4,246.06027,Low
12431.0,35,18,6416.39,356.4661111111111,6488.5654,High
12432.0,42,5,5059.32,1011.8639999999999,4998.5195,High
12433.0,0,7,13375.87,1910.8385714285716,13393.105,High
12434.0,84,4,765.19,191.2975,767.10077,Medium
12435.0,79,2,7829.89,3914.945,6294.0054,High
12436.0,99,1,509.01,509.01,513.8122,Medium
12437.0,1,19,4896.66,257.718947368421,4851.086,High
12438.0,13,2,2906.85,1453.425,2849.9976,High
12441.0,366,1,173.55,173.55,175.09851,Low
12442.0,2,1,172.06,172.06,171.3547,Low
12444.0,20,5,5005.46,1001.092,4974.33,High
12445.0,21,1,133.4,133.4,130.90962,Low
12446.0,57,1,1002.3100000000001,1002.3100000000001,1035.0413,Medium
12447.0,242,1,476.49,476.49,475.26413,Medium
12448.0,43,1,449.45,449.45,455.78342,Medium
12449.0,21,4,4067.29,1016.8225,4031.5256,High
12450.0,155,2,197.88,98.94,209.44522,Low
12451.0,10,6,8933.52,1488.92,8963.738,High
12452.0,16,3,428.57,142.85666666666665,430.92123,Medium
12453.0,133,1,707.09,707.09,696.16113,Medium
12454.0,52,2,5.684341886080802e-14,2.842170943040401e-14,1.5559508,Low
12455.0,72,6,2466.86,411.1433333333334,2468.384,High
12456.0,43,4,3153.89,788.4725,3139.246,High
12457.0,57,12,1917.78,159.815,1973.6266,High
12458.0,70,2,947.4,473.7,957.94855,Medium
12461.0,93,2,826.88,413.44,855.1114,Medium
12462.0,1,4,1124.01,281.0025,1106.9106,Medium
12463.0,45,7,1303.63,186.23285714285717,1345.4758,High
12464.0,9,8,1212.05,151.50625,1189.54,High
12465.0,7,3,733.89,244.63,742.6777,Medium
12468.0,142,3,724.0400000000001,241.3466666666667,729.4481,Medium
12471.0,1,49,18740.92,382.46775510204077,18692.408,High
12472.0,30,13,6229.48,479.1907692307692,6209.124,High
12473.0,28,9,2848.23,316.47,2822.514,High
12474.0,16,30,7116.47,237.21566666666666,7057.3438,High
12475.0,53,1,723.38,723.38,695.4118,Medium
12476.0,0,20,6546.58,327.329,6499.4634,High
12477.0,22,9,13117.01,1457.4455555555555,13109.034,High
12478.0,3,1,680.99,680.99,685.64386,Medium
12479.0,3,3,477.3,159.1,463.5286,Medium
12480.0,27,4,3281.63,820.4075,3265.0999,High
12481.0,22,11,5590.86,508.26,5591.6685,High
12483.0,16,13,2327.13,179.01000000000002,2387.1877,High
12484.0,32,8,4495.27,561.90875,4409.013,High
12488.0,9,3,1298.66,432.8866666666667,1298.7937,High
12489.0,335,1,334.93,334.93,340.60568,Low
12490.0,4,10,5417.93,541.793,5307.8257,High
12491.0,38,1,460.40000000000003,460.40000000000003,457.59598,Medium
12492.0,62,2,263.21000000000004,131.60500000000002,272.56586,Low
12493.0,165,3,416.79,138.93,420.92087,Medium
12494.0,9,13,1139.3500000000001,87.6423076923077,1155.0297,High
12497.0,81,1,1043.1,1043.1,1026.2233,Medium
12498.0,20,3,403.70000000000005,134.5666666666667,390.82,Medium
12500.0,22,13,4206.27,323.5592307692308,3990.6978,High
12501.0,314,2,2089.68,1044.84,2066.1406,High
12502.0,95,5,3723.87,744.774,3717.6897,High
12503.0,337,1,-1126.0,-1126.0,-1042.394,Low
12504.0,17,4,114.0,28.5,95.441956,Low
12505.0,300,1,-4.5,-4.5,-31.645353,Low
12506.0,232,1,73.5,73.5,85.237045,Low
12507.0,133,4,1258.06,314.515,1269.9167,High
12508.0,25,2,398.27,199.135,390.35312,Medium
12509.0,283,1,176.5,176.5,177.50563,Low
12510.0,142,2,982.5699999999999,491.28499999999997,976.66864,Medium
12512.0,65,2,138.03,69.015,125.736496,Low
12513.0,84,2,586.79,293.395,570.06854,Medium
12514.0,266,1,1017.68,1017.68,1022.50525,Medium
12515.0,352,1,383.7,383.7,385.20154,Medium
12516.0,77,2,1312.06,656.03,1297.2048,High
12517.0,27,6,2464.89,410.815,2491.139,High
12518.0,0,5,2056.89,411.378,2065.9104,High
12519.0,63,1,340.84,340.84,344.99078,Low
12520.0,78,6,2582.51,430.41833333333335,2554.5037,High
12521.0,142,1,599.68,599.68,612.6635,Medium
12522.0,38,2,192.72,96.36,177.01276,Low
12523.0,1,13,1745.57,134.27461538461537,1863.4586,High
12524.0,8,8,4485.72,560.715,4494.5376,High
12526.0,0,3,1316.66,438.8866666666667,1320.4458,High
12527.0,81,3,348.71000000000004,116.23666666666668,337.3468,Low
12528.0,8,8,1922.28,240.285,1918.3969,High
12530.0,59,5,1623.63,324.726,1589.8049,High
12531.0,14,1,125.22,125.22,126.50181,Low
12532.0,29,1,349.83000000000004,349.83000000000004,343.65036,Low
12534.0,130,1,1089.18,1089.18,1201.5204,High
12535.0,91,2,716.35,358.175,714.6637,Medium
12536.0,7,5,4106.82,821.3639999999999,4109.822,High
12538.0,28,1,363.95,363.95,372.70038,Medium
12539.0,21,5,3852.5,770.5,3651.864,High
12540.0,19,19,13309.039999999999,700.4757894736841,12834.115,High
12541.0,29,3,981.18,327.06,996.0587,Medium
12544.0,29,2,355.7,177.85,356.27673,Low
12545.0,74,2,1000.39,500.195,1002.69794,Medium
12546.0,46,3,1141.5,380.5,1121.2031,Medium
12547.0,197,2,207.79999999999998,103.89999999999999,209.44522,Low
12548.0,165,1,95.19999999999999,95.19999999999999,86.40306,Low
12550.0,78,1,964.83,964.83,978.24084,Medium
12551.0,357,1,168.0,168.0,169.24059,Low
12552.0,38,2,437.82,218.91,430.79013,Medium
12553.0,7,14,3652.25,260.875,3713.0452,High
12556.0,49,2,603.71,301.855,586.7401,Medium
12557.0,15,5,11990.960000000001,2398.192,11933.198,High
12558.0,1,2,1.0658141036401503e-14,5.329070518200751e-15,3.5900054,Low
12559.0,310,3,536.21,178.73666666666668,508.7106,Medium
12560.0,4,4,2101.39,525.3475,2079.0798,High
12561.0,302,1,238.85,238.85,231.77203,Low
12562.0,7,7,3781.7400000000002,540.2485714285715,3751.2756,High
12564.0,260,1,456.9,456.9,454.05005,Medium
12565.0,281,2,131.17,65.585,116.79192,Low
12566.0,72,2,346.7,173.35,350.70377,Low
12567.0,22,11,9114.94,828.6309090909091,9105.154,High
12569.0,1,35,4064.9900000000002,116.14257142857143,4639.319,High
12571.0,39,2,519.61,259.805,521.33356,Medium
12572.0,8,3,1004.72,334.9066666666667,1003.3964,Medium
12573.0,226,1,160.54000000000002,160.54000000000002,168.56625,Low
12574.0,315,1,218.45,218.45,232.38206,Low
12576.0,35,6,1306.98,217.83,1265.2103,High
12577.0,34,4,595.4,148.85,616.6777,Medium
12578.0,20,4,2753.36,688.34,2728.9573,High
12579.0,72,3,410.72,136.90666666666667,420.20004,Medium
12580.0,246,1,415.7,415.7,417.77588,Medium
12581.0,39,1,197.71,197.71,194.51357,Low
12582.0,238,2,511.36,255.68,513.3084,Medium
12583.0,2,18,7187.34,399.2966666666667,7179.874,High
12584.0,3,18,1893.95,105.21944444444445,2277.4482,High
12585.0,233,4,1982.81,495.7025,1992.4657,High
12586.0,16,2,179.94000000000003,89.97000000000001,177.63599,Low
12587.0,7,1,144.0,144.0,144.94702,Low
12588.0,38,1,214.89999999999998,214.89999999999998,229.10347,Low
12589.0,28,2,646.68,323.34,625.79114,Medium
12590.0,189,3,9861.38,3287.1266666666666,9814.151,High
12591.0,316,1,452.84999999999997,452.84999999999997,454.05005,Medium
12592.0,91,2,437.6,218.8,436.9941,Medium
12593.0,108,3,418.09999999999997,139.36666666666665,420.92087,Medium
12594.0,37,11,3320.2200000000003,301.83818181818185,3391.6018,High
12596.0,50,2,618.27,309.135,613.424,Medium
12597.0,18,5,3683.13,736.626,3693.6267,High
12598.0,9,9,3002.68,333.63111111111107,2926.783,High
12599.0,28,7,1032.58,147.51142857142855,1023.29065,Medium
12600.0,28,11,2581.04,234.64,2566.7756,High
12601.0,189,6,569.5600000000001,94.92666666666668,532.6208,Medium
12602.0,58,1,153.12,153.12,152.67905,Low
12603.0,21,1,739.1999999999999,739.1999999999999,763.8698,Medium
12604.0,78,2,254.18,127.09,272.2581,Low
12605.0,364,1,-7.5,-7.5,9.860672,Low
12607.0,57,2,3.552713678800501e-15,1.7763568394002505e-15,1.5559508,Low
12609.0,77,3,1126.85,375.6166666666666,1120.6709,Medium
12610.0,22,7,2057.99,293.9985714285714,2001.0314,High
12611.0,51,1,1193.32,1193.32,1255.142,High
12612.0,57,2,643.59,321.795,620.23785,Medium
12613.0,30,6,3218.98,536.4966666666667,3172.635,High
12614.0,277,1,315.6,315.6,317.27158,Low
12615.0,1,4,2291.19,572.7975,2228.5898,High
12616.0,84,5,657.25,131.45,662.2735,Medium
12617.0,28,1,355.53,355.53,350.3411,Low
12618.0,21,1,177.31,177.31,177.54916,Low
12619.0,15,13,3214.81,247.2930769230769,3216.1724,High
12620.0,14,3,1339.41,446.47,1313.605,High
12621.0,1,23,13612.07,591.8291304347825,13612.395,High
12622.0,231,1,180.1,180.1,181.75734,Low
12623.0,275,1,305.1,305.1,313.06448,Low
12624.0,105,2,641.13,320.565,621.53064,Medium
12625.0,211,3,2614.32,871.44,2625.6084,High
12626.0,22,13,6388.35,491.4115384615385,6472.7495,High
12627.0,10,7,4478.53,639.79,4420.5195,High
12628.0,3,4,769.61,192.4025,773.544,Medium
12630.0,9,2,1270.88,635.44,1315.2922,High
12631.0,56,1,640.5,640.5,643.01746,Medium
12633.0,58,5,2140.63,428.12600000000003,2138.3984,High
12635.0,89,2,1689.18,844.59,1672.5466,High
12637.0,66,10,5953.25,595.325,6027.681,High
12638.0,32,1,671.69,671.69,685.33624,Medium
12639.0,238,1,486.1,486.1,478.85138,Medium
12640.0,23,3,1174.58,391.52666666666664,1145.5466,High
12641.0,114,1,185.9,185.9,183.70702,Low
12642.0,24,3,1013.26,337.75333333333333,1003.69086,Medium
12643.0,127,6,3344.64,557.4399999999999,3305.9878,High
12644.0,129,1,477.91,477.91,476.94476,Medium
12645.0,33,5,1755.38,351.076,1769.4166,High
12646.0,4,2,1346.97,673.485,1333.0795,High
12647.0,21,13,3669.92,282.3015384615385,3531.9395,High
12648.0,154,1,318.05,318.05,317.1927,Low
12649.0,106,4,603.71,150.9275,609.2043,Medium
12650.0,2,1,314.44,314.44,317.2099,Low
12651.0,334,1,114.0,114.0,119.21434,Low
12652.0,321,2,914.53,457.265,922.6904,Medium
12653.0,148,2,2209.85,1104.925,2255.2444,High
12654.0,10,5,601.98,120.396,604.689,Medium
12656.0,16,8,3982.72,497.84,4158.582,High
12657.0,10,5,1152.06,230.41199999999998,1084.2513,Medium
12658.0,18,1,686.05,686.05,700.4553,Medium
12659.0,29,1,91.68,91.68,85.86671,Low
12660.0,10,1,245.1,245.1,238.77263,Low
12662.0,0,12,3817.08,318.09,3790.322,High
12664.0,7,10,4863.88,486.38800000000003,4839.0386,High
12665.0,324,2,61.75,30.875,28.294168,Low
12666.0,358,1,-227.44,-227.44,-181.51448,Low
12667.0,57,1,620.13,620.13,610.4833,Medium
12668.0,6,6,3743.18,623.8633333333333,3759.4868,High
12669.0,150,4,1607.73,401.9325,1632.875,High
12670.0,9,6,2986.15,497.69166666666666,3031.6077,High
12672.0,329,1,225.89999999999998,225.89999999999998,232.58264,Low
12673.0,4,2,610.52,305.26,612.14905,Medium
12674.0,11,7,1919.31,274.1871428571429,1894.9335,High
12676.0,24,6,1331.39,221.89833333333334,1345.4861,High
12678.0,41,13,17588.26,1352.943076923077,17607.975,High
12679.0,51,9,1058.67,117.63000000000001,1087.8289,Medium
12680.0,0,4,862.81,215.7025,828.7102,Medium
12681.0,14,27,13677.59,506.5774074074074,13689.417,High
12682.0,3,31,12288.22,396.3941935483871,12406.501,High
12683.0,3,20,8221.09,411.0545,8224.533,High
12684.0,7,7,2283.63,326.23285714285714,2307.687,High
12685.0,27,6,2863.08,477.18,2863.064,High
12686.0,371,1,89.14,89.14,92.17194,Low
12688.0,113,1,4873.8099999999995,4873.8099999999995,4766.4536,High
12689.0,25,2,1247.61,623.805,1258.7872,High
12690.0,205,1,389.01,389.01,394.58426,Medium
12691.0,27,6,1035.8,172.63333333333333,1046.7544,Medium
12693.0,120,6,830.96,138.49333333333334,803.75305,Medium
12694.0,69,2,869.67,434.835,906.8777,Medium
12695.0,6,4,582.1,145.525,588.5983,Medium
12697.0,20,5,939.02,187.804,965.73676,Medium
12700.0,7,6,4867.99,811.3316666666666,4628.7183,High
12701.0,79,2,797.71,398.855,778.5734,Medium
12702.0,19,1,219.0,219.0,229.26361,Low
12703.0,63,2,274.7,137.35,292.25897,Low
12704.0,6,10,2220.84,222.084,2291.8757,High
12705.0,14,14,6814.24,486.7314285714286,6758.304,High
12707.0,291,1,603.42,603.42,610.983,Medium
12708.0,29,16,2616.32,163.52,2589.4888,High
12709.0,2,26,9294.1,357.4653846153846,9187.954,High
12710.0,96,4,1130.57,282.6425,1132.562,High
12712.0,22,17,4241.63,249.50764705882352,4240.314,High
12713.0,0,1,848.55,848.55,850.72797,Medium
12714.0,8,5,4708.86,941.7719999999999,4775.916,High
12715.0,105,1,353.86,353.86,351.72968,Low
12716.0,3,2,1053.49,526.745,1038.7527,Medium
12717.0,150,3,980.98,326.99333333333334,1000.6554,Medium
12718.0,70,1,238.25,238.25,228.2138,Low
12719.0,4,3,608.1,202.70000000000002,607.41833,Medium
12720.0,2,29,5713.28,197.00965517241377,5544.0317,High
12721.0,31,7,2628.98,375.56857142857143,2641.1946,High
12722.0,84,6,904.33,150.72166666666666,868.9749,Medium
12723.0,3,5,725.07,145.014,710.04486,Medium
12724.0,4,4,1031.41,257.8525,1069.3853,Medium
12725.0,370,1,427.8,427.8,418.143,Medium
12726.0,27,7,2609.1,372.7285714285714,2641.404,High
12727.0,10,9,3947.7,438.6333333333333,3911.2517,High
12728.0,70,4,836.33,209.0825,826.9176,Medium
12729.0,113,1,453.01,453.01,455.73068,Medium
12731.0,23,14,18793.41,1342.3864285714285,18305.52,High
12732.0,179,1,236.26000000000002,236.26000000000002,230.41582,Low
12733.0,233,1,383.95,383.95,385.20154,Medium
12734.0,352,1,110.39999999999999,110.39999999999999,114.20453,Low
12735.0,314,2,779.5699999999999,389.78499999999997,769.0197,Medium
12736.0,332,1,234.0,234.0,231.77203,Low
12738.0,371,1,155.35,155.35,154.67099,Low
12739.0,77,2,1013.04,506.52,1005.12555,Medium
12740.0,63,1,427.6,427.6,420.9748,Medium
12743.0,133,2,546.43,273.215,562.7509,Medium
12744.0,51,10,9120.39,912.039,9139.422,High
12747.0,1,11,4196.01,381.4554545454546,4232.012,High
12748.0,0,224,29072.1,129.7861607142857,41191.973,High
12749.0,3,8,3868.2,483.525,3966.4988,High
12750.0,128,1,275.88,275.88,285.46313,Low
12752.0,80,1,4366.78,4366.78,4355.9487,High
12753.0,3,11,21024.01,1911.2736363636361,21047.58,High
12754.0,235,5,2949.12,589.824,2901.6946,High
12755.0,249,4,2203.2,550.8,2222.2551,High
12756.0,86,1,112.07999999999998,112.07999999999998,119.22465,Low
12757.0,15,19,4227.7,222.51052631578946,4154.04,High
12758.0,116,2,2791.59,1395.795,2752.3123,High
12759.0,51,3,1531.44,510.48,1566.181,High
12762.0,7,2,1898.52,949.26,1864.8542,High
12763.0,137,2,494.08,247.04,511.41977,Medium
12764.0,316,1,1693.88,1693.88,1677.2069,High
12766.0,3,7,6989.63,998.5185714285715,6998.1006,High
12769.0,238,1,1143.6,1143.6,1197.1366,High
12770.0,210,1,1351.45,1351.45,1413.5038,High
12772.0,59,1,892.47,892.47,888.25305,Medium
12775.0,16,6,1351.24,225.20666666666668,1363.9269,High
12778.0,19,7,804.23,114.89,856.5085,Medium
12779.0,20,12,3868.7,322.39166666666665,3872.0735,High
12781.0,20,5,707.72,141.544,698.1014,Medium
12782.0,4,6,2273.32,378.8866666666667,2320.88,High
12783.0,1,8,1603.87,200.48375,1643.6199,High
12784.0,8,2,574.42,287.21,568.8475,Medium
12785.0,2,2,305.71,152.855,302.1779,Low
12787.0,9,3,463.66,154.55333333333334,457.72928,Medium
12789.0,64,1,91.85,91.85,80.19595,Low
12790.0,191,1,324.92,324.92,335.52365,Low
12791.0,373,1,192.60000000000002,192.60000000000002,190.02092,Low
12792.0,256,1,400.53999999999996,400.53999999999996,405.21445,Medium
12793.0,334,2,545.48,272.74,564.4992,Medium
12794.0,52,2,860.41,430.205,865.0498,Medium
12795.0,18,1,430.48,430.48,422.76257,Medium
12797.0,359,3,194.18,64.72666666666667,200.96863,Low
12798.0,9,3,6977.04,2325.68,6976.2583,High
12802.0,183,2,412.58,206.29,383.46423,Medium
12808.0,36,3,483.65000000000003,161.21666666666667,464.51517,Medium
12809.0,167,2,484.36,242.18,497.09232,Medium
12811.0,260,3,514.85,171.61666666666667,504.38556,Medium
12812.0,44,1,229.64000000000001,229.64000000000001,229.02441,Low
12814.0,101,1,125.92,125.92,128.50212,Low
12815.0,147,2,1063.46,531.73,1065.0057,Medium
12816.0,95,2,572.2,286.1,570.70166,Medium
12817.0,280,1,166.04,166.04,172.238,Low
12818.0,177,2,1517.88,758.94,1496.7626,High
12820.0,2,4,942.34,235.585,890.997,Medium
12821.0,213,1,92.72,92.72,95.092865,Low
12822.0,70,3,918.98,306.32666666666665,942.92255,Medium
12823.0,74,5,1759.5,351.9,1773.0063,High
12824.0,59,1,397.12,397.12,404.58905,Medium
12826.0,2,8,1468.1200000000001,183.51500000000001,1438.5123,High
12827.0,5,3,430.15000000000003,143.38333333333335,428.04053,Medium
12828.0,2,6,1018.71,169.785,1018.4007,Medium
12829.0,321,3,253.05,84.35000000000001,242.0794,Low
12830.0,37,7,6748.4,964.0571428571428,6727.33,High
12831.0,261,1,215.05,215.05,236.66365,Low
12832.0,31,2,383.03,191.515,379.60342,Medium
12833.0,144,1,417.38,417.38,419.4565,Medium
12834.0,282,1,312.38,312.38,316.10947,Low
12836.0,58,4,2612.86,653.215,2574.8914,High
12837.0,172,1,134.1,134.1,129.31198,Low
12838.0,33,2,683.13,341.565,663.31006,Medium
12839.0,2,16,5583.62,348.97625,5824.6685,High
12840.0,143,6,2714.27,452.37833333333333,2690.0674,High
12841.0,4,26,3876.4,149.09230769230768,3867.157,High
12842.0,69,2,1118.99,559.495,1094.839,Medium
12843.0,65,9,1680.76,186.7511111111111,1669.0234,High
12844.0,28,2,325.96000000000004,162.98000000000002,327.92212,Low
12845.0,266,4,354.09,88.5225,369.43774,Low
12847.0,21,1,871.54,871.54,863.10565,Medium
12849.0,30,2,1050.8899999999999,525.4449999999999,1045.6315,Medium
12851.0,96,1,135.18,135.18,129.99399,Low
12852.0,289,2,299.75,149.875,302.15256,Low
12853.0,107,9,1881.7,209.07777777777778,1857.009,High
12854.0,78,5,1289.15,257.83000000000004,1299.7808,High
12855.0,372,1,38.1,38.1,28.101822,Low
12856.0,7,8,2162.68,270.335,2132.4048,High
12857.0,210,2,1106.4,553.2,1104.8893,Medium
12863.0,51,2,504.2,252.1,507.4816,Medium
12864.0,137,1,147.12,147.12,149.3644,Low
12865.0,25,3,1548.07,516.0233333333333,1541.966,High
12866.0,282,1,559.12,559.12,574.36597,Medium
12867.0,25,10,3986.22,398.62199999999996,4079.5854,High
12868.0,185,6,1607.0600000000002,267.84333333333336,1649.4639,High
12870.0,365,1,-14.899999999999999,-14.899999999999999,-16.618793,Low
12871.0,83,2,380.64,190.32,369.5562,Low
12872.0,326,2,599.97,299.985,600.5649,Medium
12873.0,281,1,374.0,374.0,381.8165,Medium
12875.0,142,2,343.2300000000001,171.61500000000004,348.03247,Low
12876.0,57,2,2218.02,1109.01,2320.0603,High
12877.0,3,12,1535.77,127.98083333333334,1613.6707,High
12878.0,17,3,841.64,280.5466666666667,797.42694,Medium
12879.0,44,4,552.5699999999999,138.14249999999998,572.3122,Medium
12881.0,275,1,298.0,298.0,302.64874,Low
12882.0,8,2,1463.04,731.52,1460.9493,High
12883.0,24,4,703.47,175.8675,700.81354,Medium
12884.0,87,1,309.05,309.05,314.75323,Low
12885.0,62,4,1158.27,289.5675,1216.1238,High
12886.0,67,3,1351.09,450.3633333333333,1327.2744,High
12888.0,213,4,313.77,78.4425,369.43774,Low
12890.0,23,1,380.46999999999997,380.46999999999997,380.8281,Medium
12891.0,185,3,331.0,110.33333333333333,329.4534,Low
12893.0,30,1,188.14,188.14,195.16264,Low
12895.0,41,3,347.3,115.76666666666667,338.43735,Low
12897.0,204,2,216.5,108.25,226.91911,Low
12901.0,8,36,16293.1,452.5861111111111,16286.652,High
12902.0,264,1,138.68,138.68,143.6765,Low
12904.0,17,2,509.58,254.79,514.61694,Medium
12906.0,11,5,2919.81,583.962,2883.491,High
12908.0,58,4,246.0,61.5,231.9037,Low
12909.0,39,8,2128.83,266.10375,2125.2612,High
12910.0,22,8,3075.04,384.38,3061.446,High
12912.0,2,5,1662.3,332.46,1619.3826,High
12913.0,4,5,2483.63,496.726,2540.6982,High
12915.0,148,2,363.65,181.825,359.39725,Low
12916.0,138,5,2982.35,596.47,3009.9285,High
12917.0,127,1,594.0,594.0,571.6564,Medium
12919.0,7,8,1301.44,162.68,1311.7578,High
12920.0,16,1,164.23,164.23,168.13622,Low
12921.0,3,50,16389.74,327.7948,15178.033,High
12922.0,160,1,405.38,405.38,407.13837,Medium
12923.0,63,1,176.97,176.97,170.59387,Low
12924.0,87,5,929.95,185.99,939.4951,Medium
12925.0,4,2,694.05,347.025,657.24347,Medium
12928.0,34,5,2062.7000000000003,412.5400000000001,2071.2842,High
12929.0,121,2,105.1,52.55,116.03528,Low
12930.0,77,4,409.9,102.475,417.8909,Medium
12931.0,21,20,33462.81,1673.1405,33472.04,High
12933.0,23,4,606.28,151.57,626.07,Medium
12935.0,1,8,2156.45,269.55625,2096.9678,High
12936.0,16,5,1012.9,202.57999999999998,1036.4136,Medium
12937.0,14,4,1504.27,376.0675,1482.8179,High
12938.0,25,1,114.14,114.14,115.82763,Low
12939.0,63,8,11581.8,1447.725,11574.84,High
12940.0,45,4,876.29,219.0725,822.87756,Medium
12942.0,130,3,683.9,227.96666666666667,666.71985,Medium
12943.0,300,1,-3.75,-3.75,-31.645353,Low
12944.0,35,2,604.51,302.255,592.8358,Medium
12945.0,287,1,462.95,462.95,454.05005,Medium
12947.0,143,11,1407.29,127.93545454545455,1409.14,High
12948.0,15,8,2053.7,256.7125,2048.796,High
12949.0,30,10,4143.02,414.302,4127.6636,High
12950.0,1,3,1843.0,614.3333333333334,1885.5157,High
12951.0,8,8,1042.07,130.25875,1074.4606,Medium
12952.0,5,5,1382.8400000000001,276.56800000000004,1359.1884,High
12953.0,9,1,329.85,329.85,333.98322,Low
12955.0,0,14,4734.26,338.1614285714286,4715.537,High
12956.0,305,1,108.07,108.07,114.20453,Low
12957.0,3,12,3979.04,331.58666666666664,3984.917,High
12962.0,6,2,266.39,133.195,270.23572,Low
12963.0,7,9,1841.03,204.55888888888887,1849.5087,High
12965.0,88,1,771.91,771.91,779.3728,Medium
12966.0,9,1,160.18,160.18,167.1197,Low
12967.0,2,4,1194.75,298.6875,1206.2295,High
12968.0,111,1,135.95,135.95,129.99399,Low
12970.0,6,4,452.24,113.06,446.12378,Medium
12971.0,3,89,10930.26,122.81191011235956,10936.858,High
12974.0,197,1,144.8,144.8,146.64249,Low
12976.0,211,1,738.6,738.6,754.0756,Medium
12977.0,155,1,39.239999999999995,39.239999999999995,18.872726,Low
12980.0,155,12,7092.06,591.005,7088.007,High
12981.0,29,2,372.21999999999997,186.10999999999999,365.5921,Low
12982.0,239,2,377.2,188.6,373.62732,Medium
12984.0,18,1,97.5,97.5,98.98711,Low
12985.0,0,3,1215.6200000000001,405.2066666666667,1158.3428,High
12987.0,73,3,545.0,181.66666666666666,552.8464,Medium
12988.0,291,1,535.32,535.32,544.87476,Medium
12989.0,2,19,6854.51,360.7636842105263,6836.991,High
12990.0,30,3,409.5,136.5,389.4012,Medium
12991.0,22,2,503.76,251.88,512.6813,Medium
12993.0,22,4,414.76,103.69,427.02518,Medium
12994.0,3,5,902.22,180.44400000000002,886.1216,Medium
12995.0,77,2,200.72,100.36,207.73145,Low
12997.0,21,7,1197.94,171.1342857142857,1180.2305,High
12999.0,195,3,455.88,151.96,447.5341,Medium
13000.0,106,3,534.85,178.28333333333333,513.5269,Medium
13001.0,3,15,9797.92,653.1946666666666,9885.455,High
13002.0,317,1,120.94999999999999,120.94999999999999,123.36963,Low
13003.0,105,3,149.05,49.68333333333334,169.17426,Low
13004.0,11,22,5613.43,255.1559090909091,5731.5107,High
13005.0,173,3,468.95,156.31666666666666,457.47733,Medium
13006.0,55,1,81.57,81.57,76.45415,Low
13008.0,322,2,178.46999999999997,89.23499999999999,166.1691,Low
13011.0,371,1,50.550000000000004,50.550000000000004,58.415688,Low
13012.0,8,11,1311.6200000000001,119.23818181818183,1317.9213,High
13013.0,0,15,4786.99,319.13266666666664,4651.14,High
13014.0,2,16,3365.43,210.339375,3349.16,High
13015.0,52,5,3346.28,669.2560000000001,3320.237,High
13016.0,72,3,789.89,263.2966666666667,766.2204,Medium
13017.0,6,1,204.0,204.0,205.92375,Low
13018.0,15,29,7272.75,250.7844827586207,7330.046,High
13021.0,3,12,2584.4,215.36666666666667,2476.196,High
13023.0,63,2,689.9,344.95,662.9568,Medium
13026.0,0,8,936.15,117.01875,916.9482,Medium
13027.0,113,6,6912.0,1152.0,6911.3125,High
13028.0,22,3,659.68,219.89333333333332,680.7048,Medium
13029.0,30,3,1247.5,415.8333333333333,1243.5396,High
13030.0,10,2,799.48,399.74,777.6185,Medium
13032.0,38,3,996.52,332.17333333333335,1002.05426,Medium
13033.0,356,1,190.55,190.55,188.13948,Low
13034.0,54,2,642.77,321.385,620.23785,Medium
13035.0,57,3,886.63,295.54333333333335,877.60815,Medium
13037.0,137,3,881.07,293.69,921.51514,Medium
13038.0,79,3,908.46,302.82,903.6291,Medium
13040.0,8,2,676.99,338.495,660.73224,Medium
13043.0,253,2,471.57,235.785,495.6443,Medium
13044.0,290,1,560.47,560.47,574.36597,Medium
13045.0,98,1,305.28000000000003,305.28000000000003,311.70825,Low
13046.0,30,2,629.31,314.655,622.401,Medium
13047.0,31,18,3079.1,171.0611111111111,3071.798,High
13048.0,13,5,1805.91,361.182,1804.4971,High
13049.0,63,2,656.6800000000001,328.34000000000003,648.8723,Medium
13050.0,8,28,5684.61,203.0217857142857,5682.9624,High
13052.0,211,1,348.15000000000003,348.15000000000003,349.8515,Low
13055.0,63,4,1201.96,300.49,1252.189,High
13058.0,24,3,271.40000000000003,90.46666666666668,271.4747,Low
13059.0,249,1,183.4,183.4,184.4736,Low
13060.0,253,1,307.53,307.53,313.06448,Low
13061.0,71,1,248.61,248.61,248.24226,Low
13062.0,190,1,346.98,346.98,346.76538,Low
13064.0,12,4,1119.49,279.8725,1116.7688,Medium
13065.0,372,1,205.86,205.86,202.3839,Low
13066.0,23,3,430.9,143.63333333333333,429.47986,Medium
13067.0,81,1,115.46000000000001,115.46000000000001,111.57465,Low
13068.0,9,2,344.0,172.0,352.9588,Low
13069.0,0,27,3717.82,137.69703703703703,3761.3901,High
13070.0,191,1,228.8,228.8,231.22643,Low
13072.0,266,1,177.15,177.15,177.50563,Low
13075.0,129,1,919.61,919.61,886.19226,Medium
13077.0,0,4,729.27,182.3175,736.80975,Medium
13078.0,0,43,12432.28,289.1227906976744,9882.523,High
13079.0,3,5,220.10000000000002,44.02,219.7875,Low
13080.0,178,1,58.08,58.08,46.919064,Low
13081.0,0,21,27964.48,1331.6419047619047,30487.791,High
13082.0,125,10,3595.48,359.548,3557.6047,High
13083.0,3,2,303.75,151.875,302.41946,Low
13085.0,157,3,272.38,90.79333333333334,262.71442,Low
13089.0,2,118,57385.88,486.3210169491525,61037.273,High
13090.0,8,18,8689.39,482.7438888888889,8757.655,High
13091.0,20,2,319.82,159.91,328.12134,Low
13092.0,70,6,459.83,76.63833333333334,431.48178,Medium
13093.0,266,13,7741.47,595.4976923076923,7750.8047,High
13094.0,20,16,1708.8600000000001,106.80375000000001,1714.5216,High
13095.0,70,1,74.39999999999999,74.39999999999999,73.20825,Low
13097.0,32,14,5893.32,420.95142857142855,5846.463,High
13098.0,0,41,28658.88,698.9970731707317,27117.867,High
13099.0,98,1,207.35999999999999,207.35999999999999,200.71625,Low
13101.0,233,1,101.19,101.19,94.21461,Low
13102.0,0,27,6336.29,234.6774074074074,6317.71,High
13103.0,39,1,243.94,243.94,239.02023,Low
13104.0,2,6,1098.48,183.08,1091.4272,Medium
13106.0,128,2,59.5,29.75,35.81035,Low
13107.0,43,5,1524.07,304.81399999999996,1515.8723,High
13108.0,372,1,350.06,350.06,348.2731,Low
13109.0,2,5,766.84,153.368,751.0228,Medium
13110.0,30,8,1452.8700000000001,181.60875000000001,1453.6156,High
13113.0,0,40,10510.0,262.75,10499.8955,High
13115.0,8,14,2205.63,157.54500000000002,2164.2378,High
13116.0,116,2,485.19,242.595,496.70026,Medium
13117.0,21,8,984.91,123.11375,940.45233,Medium
13118.0,19,7,1125.0,160.71428571428572,1155.7971,High
13120.0,238,1,30.599999999999998,30.599999999999998,-1.5820514,Low
13121.0,268,2,254.73,127.365,275.3281,Low
13122.0,93,2,922.39,461.195,929.30206,Medium
13124.0,89,3,3866.33,1288.7766666666666,3897.6975,High
13126.0,4,10,2056.29,205.629,2095.3682,High
13127.0,77,1,259.17,259.17,245.279,Low
13130.0,93,1,64.0,64.0,48.35016,Low
13131.0,22,4,1039.3,259.825,1064.0627,Medium
13132.0,261,1,77.3,77.3,85.237045,Low
13133.0,273,2,109.8,54.9,108.51909,Low
13134.0,72,7,1740.63,248.6614285714286,1734.0321,High
13135.0,196,1,3096.0,3096.0,3100.887,High
13136.0,49,11,2545.38,231.39818181818183,2542.3015,High
13137.0,10,9,3605.08,400.56444444444446,3731.156,High
13138.0,21,6,962.39,160.39833333333334,989.4464,Medium
13139.0,15,8,5055.79,631.97375,5054.889,High
13140.0,107,3,423.72,141.24,420.92087,Medium
13141.0,84,6,2385.8,397.6333333333334,2342.3625,High
13142.0,18,1,307.09,307.09,318.11383,Low
13144.0,332,1,110.95,110.95,114.20453,Low
13145.0,39,5,614.77,122.954,618.1568,Medium
13146.0,25,1,228.91,228.91,232.84203,Low
13147.0,9,4,712.8000000000001,178.20000000000002,702.2549,Medium
13148.0,28,17,3348.48,196.96941176470588,3354.1318,High
13149.0,13,4,1676.06,419.015,1680.352,High
13151.0,202,2,1250.3700000000001,625.1850000000001,1274.5692,High
13153.0,5,1,486.22,486.22,435.55066,Medium
13154.0,143,1,-611.86,-611.86,-2132.7307,Low
13155.0,32,4,971.76,242.94,965.979,Medium
13157.0,48,5,1721.57,344.31399999999996,1745.3073,High
13158.0,94,4,1201.06,300.265,1268.741,High
13159.0,8,5,1379.75,275.95,1362.0691,High
13160.0,21,1,91.8,91.8,87.248955,Low
13161.0,312,1,112.75,112.75,114.925865,Low
13162.0,121,5,1644.99,328.998,1579.6285,High
13165.0,45,2,1021.48,510.74,1016.1988,Medium
13166.0,281,2,414.7,207.35,384.82043,Medium
13167.0,18,4,791.33,197.8325,792.50665,Medium
13168.0,35,5,1310.14,262.028,1308.3452,High
13169.0,63,2,712.88,356.44,713.7581,Medium
13170.0,26,1,116.00999999999999,116.00999999999999,115.82763,Low
13171.0,7,5,426.81,85.362,428.21567,Medium
13173.0,3,2,353.65,176.825,352.52597,Low
13174.0,15,3,2817.03,939.0100000000001,2834.0771,High
13176.0,45,1,492.84,492.84,496.9202,Medium
13177.0,64,1,282.45,282.45,290.89587,Low
13178.0,25,11,5725.47,520.4972727272727,5712.97,High
13182.0,44,1,121.18,121.18,114.71058,Low
13183.0,7,9,3957.78,439.75333333333333,3913.1963,High
13184.0,14,12,1648.79,137.39916666666667,1610.8541,High
13185.0,267,1,71.4,71.4,59.37663,Low
13186.0,39,5,1539.69,307.938,1524.4237,High
13187.0,336,1,236.02,236.02,231.77203,Low
13188.0,10,1,114.60000000000001,114.60000000000001,117.26899,Low
13189.0,18,2,260.68,130.34,272.86072,Low
13192.0,94,2,911.94,455.97,920.94214,Medium
13193.0,60,1,117.88,117.88,115.30854,Low
13194.0,135,1,60.7,60.7,53.136654,Low
13196.0,10,4,1797.78,449.445,1802.9514,High
13198.0,9,8,3384.09,423.01125,3416.588,High
13199.0,3,39,9803.96,251.3835897435897,9800.14,High
13200.0,18,4,870.09,217.5225,831.7631,Medium
13203.0,9,4,869.46,217.365,831.7631,Medium
13207.0,14,2,250.26000000000002,125.13000000000001,267.37726,Low
13208.0,58,7,1205.9,172.27142857142857,1205.1444,High
13209.0,29,11,5820.16,529.1054545454546,5723.9326,High
13210.0,93,1,353.48,353.48,352.62613,Low
13211.0,9,3,1197.42,399.14000000000004,1170.7126,High
13212.0,8,4,780.58,195.145,792.50665,Medium
13213.0,56,6,1518.43,253.0716666666667,1607.3204,High
13216.0,267,1,333.74,333.74,340.60568,Low
13217.0,121,5,133.62,26.724,146.06825,Low
13218.0,126,1,62.63999999999999,62.63999999999999,53.136654,Low
13220.0,77,4,819.2900000000001,204.82250000000002,818.4761,Medium
13221.0,239,2,847.41,423.705,856.8597,Medium
13223.0,199,2,163.20000000000002,81.60000000000001,150.42291,Low
13224.0,59,3,2150.85,716.9499999999999,2208.0579,High
13225.0,2,8,6083.04,760.38,6097.4785,High
13226.0,272,1,108.21000000000001,108.21000000000001,114.20453,Low
13227.0,201,1,257.7,257.7,249.145,Low
13228.0,80,1,358.0,358.0,350.86142,Low
13229.0,225,1,160.95,160.95,169.58276,Low
13230.0,3,15,2763.41,184.22733333333332,2732.8484,High
13232.0,12,7,1357.6,193.94285714285712,1377.9703,High
13233.0,73,2,605.12,302.56,586.51556,Medium
13235.0,211,2,101.17000000000007,50.585000000000036,101.51044,Low
13236.0,24,3,727.27,242.42333333333332,744.7533,Medium
13238.0,10,5,680.83,136.166,688.2588,Medium
13239.0,261,1,329.56,329.56,336.87988,Low
13240.0,95,4,663.65,165.9125,658.3134,Medium
13242.0,111,3,270.40000000000003,90.13333333333334,263.39642,Low
13243.0,202,1,600.07,600.07,610.983,Medium
13244.0,92,1,121.74000000000001,121.74000000000001,122.69543,Low
13245.0,50,1,430.5,430.5,421.79944,Medium
13246.0,17,7,1922.1,274.5857142857143,1894.9335,High
13247.0,17,4,501.12,125.28,513.32544,Medium
13248.0,124,2,465.68,232.84,493.89597,Medium
13249.0,91,3,711.41,237.13666666666666,726.6439,Medium
13253.0,156,2,1030.4,515.2,1025.2172,Medium
13255.0,3,3,390.66,130.22,381.36057,Medium
13256.0,13,1,0.0,0.0,1.5113913,Low
13258.0,11,3,698.58,232.86,736.779,Medium
13259.0,61,1,292.32,292.32,281.40314,Low
13260.0,60,1,557.62,557.62,570.4284,Medium
13261.0,268,2,944.1,472.05,962.3278,Medium
13262.0,262,1,200.29,200.29,197.40776,Low
13263.0,0,35,7454.07,212.97342857142857,7450.6875,High
13265.0,52,5,2107.66,421.532,2131.1921,High
13266.0,10,19,3717.67,195.66684210526316,3692.6206,High
13267.0,2,27,4404.44,163.1274074074074,4385.524,High
13268.0,17,15,3167.64,211.176,3120.2952,High
13269.0,0,17,5315.92,312.7011764705882,5329.555,High
13270.0,365,1,590.0,590.0,577.54584,Medium
13271.0,36,2,178.26,89.13,165.56935,Low
13272.0,30,2,276.56,138.28,299.50015,Low
13273.0,112,1,138.98,138.98,142.32027,Low
13276.0,63,2,590.9300000000001,295.46500000000003,569.32416,Medium
13277.0,15,4,258.4,64.6,246.56857,Low
13278.0,40,1,542.73,542.73,552.5265,Medium
13279.0,63,2,126.30000000000001,63.150000000000006,113.47917,Low
13280.0,121,3,814.86,271.62,778.5672,Medium
13282.0,17,6,1047.8400000000001,174.64000000000001,1048.1958,Medium
13283.0,59,2,93.66,46.83,98.793655,Low
13284.0,322,2,196.15,98.075,205.10712,Low
13285.0,22,4,2709.12,677.28,2729.1238,High
13291.0,155,1,361.11,361.11,357.26218,Low
13292.0,38,2,578.9399999999999,289.46999999999997,562.2893,Medium
13294.0,189,2,873.74,436.87,909.9007,Medium
13295.0,359,2,197.95000000000002,98.97500000000001,209.9239,Low
13296.0,136,1,87.4,87.4,88.62752,Low
13297.0,7,4,2089.85,522.4625,2018.9188,High
13298.0,0,1,360.0,360.0,336.83185,Low
13299.0,267,1,142.5,142.5,146.13382,Low
13300.0,164,2,365.29,182.645,360.35593,Low
13301.0,103,4,618.09,154.5225,629.6144,Medium
13302.0,154,1,63.75,63.75,46.919064,Low
13304.0,350,1,300.42,300.42,302.64874,Low
13305.0,3,10,2000.86,200.08599999999998,1952.7811,High
13307.0,119,1,15.0,15.0,-1.4409288,Low
13308.0,22,4,1367.6100000000001,341.90250000000003,1350.7688,High
13309.0,6,5,1456.79,291.358,1470.4275,High
13310.0,8,6,1083.63,180.60500000000002,1112.7928,Medium
13311.0,3,2,598.57,299.285,542.04736,Medium
13313.0,21,5,1555.32,311.06399999999996,1528.1077,High
13314.0,1,4,578.66,144.665,592.3491,Medium
13316.0,36,5,5815.49,1163.098,5910.229,High
13317.0,63,9,2140.07,237.78555555555556,2234.9336,High
13318.0,0,3,640.76,213.58666666666667,651.3003,Medium
13319.0,4,36,10664.34,296.2316666666667,10658.05,High
13320.0,69,6,1491.7,248.61666666666667,1470.9998,High
13321.0,71,2,567.36,283.68,570.7852,Medium
13322.0,16,1,199.48000000000002,199.48000000000002,204.13976,Low
13323.0,2,5,787.85,157.57,777.36145,Medium
13324.0,31,12,7072.8,589.4,7063.4365,High
13325.0,81,1,675.3,675.3,663.94666,Medium
13327.0,38,9,3617.57,401.95222222222225,3703.1946,High
13328.0,315,1,1308.48,1308.48,1223.6526,High
13329.0,31,4,740.4,185.1,754.2868,Medium
13330.0,92,3,1140.93,380.31,1124.3887,Medium
13332.0,13,1,350.9,350.9,344.49625,Low
13334.0,81,3,3536.82,1178.94,3731.6064,High
13336.0,76,1,795.12,795.12,767.77295,Medium
13338.0,153,3,431.82,143.94,423.96063,Medium
13339.0,200,1,860.12,860.12,872.7808,Medium
13340.0,44,7,10736.48,1533.782857142857,10741.852,High
13341.0,260,1,775.85,775.85,767.08307,Medium
13343.0,172,2,303.93,151.965,307.2889,Low
13344.0,67,3,2543.72,847.9066666666666,2486.909,High
13345.0,276,2,377.6,188.8,373.62732,Medium
13347.0,69,1,341.36,341.36,349.24176,Low
13348.0,63,1,233.76,233.76,228.2138,Low
13349.0,10,1,247.32,247.32,252.1481,Low
13350.0,15,3,910.72,303.5733333333333,903.91943,Medium
13351.0,65,1,373.94,373.94,382.93665,Medium
13352.0,7,2,389.28,194.64,380.4824,Medium
13354.0,70,1,743.53,743.53,761.69385,Medium
13355.0,121,1,674.7,674.7,670.0971,Medium
13356.0,79,1,768.24,768.24,773.22235,Medium
13357.0,256,1,609.95,609.95,605.20447,Medium
13358.0,268,1,439.03,439.03,441.26657,Medium
13359.0,58,2,431.26,215.63,417.59692,Medium
13362.0,2,5,3085.4900000000002,617.0980000000001,3058.8574,High
13363.0,17,2,992.5,496.25,980.1562,Medium
13364.0,66,2,0.0,0.0,6.5407553,Low
13365.0,8,3,2191.22,730.4066666666666,2225.5967,High
13366.0,49,1,56.160000000000004,56.160000000000004,54.58596,Low
13368.0,256,2,623.4,311.7,614.02563,Medium
13369.0,353,2,263.75,131.875,275.3281,Low
13370.0,365,2,721.32,360.66,726.2727,Medium
13372.0,89,1,378.64,378.64,383.49713,Medium
13373.0,60,3,3312.25,1104.0833333333333,3182.0571,High
13375.0,80,2,772.9,386.45,767.9785,Medium
13376.0,98,3,1019.76,339.92,1009.87726,Medium
13379.0,25,3,572.56,190.85333333333332,574.7801,Medium
13381.0,20,7,3626.81,518.1157142857143,3622.8936,High
13382.0,280,1,222.99,222.99,232.58264,Low
13384.0,30,9,4122.28,458.0311111111111,4153.962,High
13385.0,329,1,534.57,534.57,544.87476,Medium
13388.0,120,3,627.15,209.04999999999998,650.73486,Medium
13389.0,10,3,797.96,265.9866666666667,774.4676,Medium
13390.0,74,1,544.08,544.08,551.99414,Medium
13391.0,203,1,59.8,59.8,63.0973,Low
13394.0,1,10,2312.8,231.28000000000003,2388.356,High
13395.0,184,1,307.72,307.72,311.70825,Low
13396.0,21,4,1325.29,331.3225,1342.6614,High
13397.0,72,6,1539.18,256.53000000000003,1607.3204,High
13398.0,191,1,457.34,457.34,452.69382,Medium
13402.0,126,2,621.23,310.615,612.27734,Medium
13403.0,17,1,75.0,75.0,78.423874,Low
13404.0,0,2,252.49,126.245,254.16695,Low
13405.0,73,3,572.451,190.817,569.0291,Medium
13408.0,1,81,27487.41,339.3507407407407,52431.06,High
13410.0,8,7,988.91,141.27285714285713,973.03406,Medium
13411.0,106,1,213.55,213.55,233.72186,Low
13414.0,133,3,1390.5,463.5,1350.7925,High
13416.0,43,2,712.5,356.25,718.2336,Medium
13417.0,4,2,640.83,320.415,622.0079,Medium
13418.0,11,23,5845.44,254.14956521739128,5838.5537,High
13419.0,63,1,221.06,221.06,219.89368,Low
13420.0,134,4,140.35,35.0875,145.05022,Low
13421.0,39,3,1848.98,616.3266666666667,1898.3276,High
13422.0,50,2,2601.55,1300.775,2474.4998,High
13425.0,107,3,1624.21,541.4033333333333,1669.7687,High
13426.0,0,12,3550.7000000000003,295.8916666666667,3572.171,High
13427.0,18,3,582.6,194.20000000000002,589.9919,Medium
13428.0,9,1,218.47,218.47,229.26361,Low
13429.0,10,4,1006.8,251.7,967.3407,Medium
13430.0,18,4,648.6899999999999,162.17249999999999,651.1573,Medium
13431.0,66,2,1269.1,634.55,1283.538,High
13434.0,73,2,534.24,267.12,515.338,Medium
13435.0,4,9,3794.4900000000002,421.61,3812.7117,High
13436.0,1,1,196.89,196.89,189.39812,Low
13437.0,13,7,3408.06,486.86571428571426,3396.8408,High
13439.0,254,1,283.71,283.71,294.4541,Low
13441.0,91,1,296.64,296.64,299.36365,Low
13447.0,22,4,1104.23,276.0575,1116.7097,Medium
13448.0,16,10,3465.67,346.567,3441.2222,High
13449.0,23,1,291.88,291.88,286.2836,Low
13450.0,26,6,2043.7199999999998,340.61999999999995,2054.1868,High
13451.0,25,6,2916.45,486.075,2852.3718,High
13452.0,258,2,590.0,295.0,608.3834,Medium
13453.0,165,2,356.97999999999996,178.48999999999998,353.18384,Low
13455.0,24,4,1007.35,251.8375,969.12317,Medium
13456.0,17,7,1737.8200000000002,248.26000000000002,1737.6757,High
13458.0,6,22,9537.92,433.5418181818182,9572.931,High
13460.0,28,2,183.44,91.72,176.10371,Low
13461.0,38,3,1445.0,481.6666666666667,1381.8096,High
13462.0,182,2,143.25,71.625,157.2571,Low
13464.0,57,1,674.68,674.68,666.3621,Medium
13466.0,99,2,297.95,148.975,300.79633,Low
13467.0,10,2,1083.71,541.855,1077.3229,Medium
13468.0,1,41,5656.75,137.96951219512195,4351.2124,High
13470.0,98,2,165.0,82.5,157.9391,Low
13471.0,0,4,2531.58,632.895,2528.712,High
13473.0,60,3,417.54,139.18,420.20004,Medium
13474.0,235,1,229.59,229.59,232.58264,Low
13475.0,190,4,1431.78,357.945,1431.823,High
13476.0,178,4,1092.77,273.1925,1120.2161,Medium
13477.0,37,8,1441.53,180.19125,1436.8246,High
13479.0,197,3,291.0,97.0,307.64142,Low
13481.0,45,8,1776.81,222.10125,1778.6575,High
13482.0,231,1,184.64,184.64,185.06323,Low
13483.0,65,1,140.34,140.34,138.21631,Low
13484.0,240,1,313.8,313.8,317.27158,Low
13485.0,232,1,454.24,454.24,454.05005,Medium
13486.0,77,3,1122.41,374.1366666666667,1120.6709,Medium
13487.0,57,3,575.4,191.79999999999998,569.0291,Medium
13488.0,16,17,8910.61,524.1535294117648,8924.602,High
13489.0,104,4,449.52,112.38,437.36902,Medium
13491.0,51,10,1215.82,121.582,1205.0266,High
13492.0,135,3,1269.84,423.28,1241.939,High
13493.0,274,2,618.63,309.315,614.02563,Medium
13494.0,311,1,316.26000000000005,316.26000000000005,317.27158,Low
13495.0,7,6,1990.1200000000001,331.68666666666667,1885.1506,High
13496.0,10,3,617.93,205.97666666666666,612.39197,Medium
13497.0,282,3,321.05,107.01666666666667,322.1179,Low
13499.0,17,7,1146.96,163.85142857142858,1155.7971,High
13500.0,22,4,1136.77,284.1925,1134.5786,High
13501.0,242,2,1310.47,655.235,1313.7563,High
13502.0,16,3,292.0,97.33333333333333,317.84305,Low
13503.0,70,1,216.85,216.85,224.00467,Low
13504.0,63,1,295.93,295.93,282.8116,Low
13505.0,67,8,4282.88,535.36,4317.987,High
13506.0,311,3,452.82,150.94,439.14743,Medium
13507.0,2,4,2479.16,619.79,2489.633,High
13508.0,243,1,110.97,110.97,114.20453,Low
13509.0,8,7,979.72,139.96,973.03406,Medium
13510.0,0,5,1785.16,357.03200000000004,1770.4056,High
13512.0,260,1,251.21,251.21,250.06438,Low
13513.0,126,1,205.1,205.1,200.71625,Low
13514.0,73,1,152.20000000000002,152.20000000000002,149.77658,Low
13515.0,72,4,891.12,222.78,863.5089,Medium
13516.0,20,3,1389.41,463.1366666666667,1345.7732,High
13517.0,59,5,2109.07,421.814,2131.1921,High
13518.0,85,1,659.4399999999999,659.4399999999999,657.44684,Medium
13519.0,49,2,110.80000000000001,55.400000000000006,111.92174,Low
13520.0,58,8,3487.75,435.96875,3497.074,High
13521.0,0,3,1093.65,364.55,1043.5493,Medium
13522.0,29,1,125.80000000000001,125.80000000000001,125.06045,Low
13523.0,32,6,3755.38,625.8966666666666,3732.1343,High
13524.0,40,5,680.1800000000001,136.036,684.2941,Medium
13525.0,14,2,628.78,314.39,618.68286,Medium
13527.0,33,8,2263.76,282.97,2286.922,High
13529.0,78,2,307.76,153.88,311.768,Low
13531.0,204,2,483.8,241.9,498.44858,Medium
13532.0,33,1,210.31,210.31,233.94194,Low
13533.0,182,3,270.79,90.26333333333334,262.71442,Low
13534.0,1,43,5613.08,130.53674418604652,5560.4473,High
13536.0,0,7,3448.29,492.61285714285714,3412.2754,High
13538.0,42,7,1280.85,182.97857142857143,1269.903,High
13539.0,85,4,605.84,151.46,615.876,Medium
13544.0,39,2,291.41,145.705,303.99713,Low
13546.0,11,3,626.99,208.99666666666667,666.5793,Medium
13548.0,95,2,682.41,341.205,663.8624,Medium
13549.0,25,8,916.12,114.515,912.661,Medium
13551.0,318,1,91.80000000000001,91.80000000000001,85.80059,Low
13552.0,65,16,3539.53,221.220625,3544.7104,High
13555.0,73,4,4149.28,1037.32,4177.723,High
13557.0,27,2,584.06,292.03,566.57733,Medium
13558.0,5,4,605.06,151.265,622.8938,Medium
13560.0,6,1,174.37,174.37,174.72757,Low
13561.0,215,1,141.85999999999999,141.85999999999999,144.93736,Low
13562.0,81,3,1799.33,599.7766666666666,1774.5048,High
13563.0,83,2,777.53,388.765,764.94104,Medium
13564.0,143,5,647.74,129.548,646.6853,Medium
13565.0,18,2,240.22,120.11,231.34818,Low
13566.0,40,2,874.71,437.355,907.10223,Medium
13568.0,172,1,192.85,192.85,188.35327,Low
13569.0,16,2,373.75,186.875,378.20486,Medium
13570.0,242,1,239.49,239.49,231.77203,Low
13571.0,12,12,2092.32,174.36,2086.172,High
13572.0,205,1,1384.25,1384.25,1413.5038,High
13573.0,49,2,294.4,147.2,294.25485,Low
13575.0,22,5,732.0699999999999,146.414,749.8758,Medium
13576.0,9,20,6703.3,335.165,6757.1367,High
13577.0,24,5,1658.3,331.65999999999997,1610.705,High
13579.0,14,2,467.04,233.52,491.24353,Medium
13581.0,308,1,118.0,118.0,123.36963,Low
13583.0,155,1,781.03,781.03,777.5583,Medium
13584.0,306,1,142.4,142.4,144.93736,Low
13587.0,31,3,347.0,115.66666666666667,340.17197,Low
13588.0,15,13,2445.12,188.08615384615385,2480.7844,High
13589.0,14,2,379.65,189.825,380.2861,Medium
13590.0,10,7,1976.12,282.30285714285714,1990.799,High
13591.0,64,3,1117.13,372.3766666666667,1110.4854,Medium
13592.0,35,4,247.95999999999998,61.989999999999995,236.93661,Low
13593.0,107,6,1990.28,331.7133333333333,1883.251,High
13594.0,52,1,396.97,396.97,404.58905,Medium
13596.0,5,2,697.04,348.52,702.1729,Medium
13598.0,46,2,167.42000000000002,83.71000000000001,158.4681,Low
13599.0,0,33,5030.6,152.44242424242427,5042.7993,High
13600.0,311,1,219.52,219.52,230.78226,Low
13601.0,44,2,693.32,346.66,667.43225,Medium
13602.0,64,1,428.89,428.89,424.2058,Medium
13603.0,25,1,164.34,164.34,166.69485,Low
13606.0,28,3,280.53999999999996,93.51333333333332,271.4747,Low
13607.0,39,1,678.01,678.01,679.917,Medium
13610.0,11,9,1115.43,123.93666666666667,1118.9534,Medium
13611.0,88,4,1158.2,289.55,1220.2002,High
13614.0,23,4,1610.46,402.615,1607.166,High
13615.0,312,2,399.99,199.995,380.15576,Medium
13617.0,39,3,544.18,181.39333333333332,558.3529,Medium
13618.0,173,1,177.34,177.34,177.61258,Low
13621.0,116,1,213.85,213.85,233.72186,Low
13623.0,30,7,672.44,96.06285714285715,663.84863,Medium
13626.0,252,1,257.23,257.23,249.145,Low
13627.0,58,7,1624.02,232.00285714285715,1697.43,High
13629.0,22,11,7792.36,708.3963636363636,7783.8276,High
13630.0,4,11,1995.68,181.42545454545456,1977.9188,High
13631.0,99,12,3021.77,251.81416666666667,2993.3306,High
13632.0,24,6,2117.02,352.83666666666664,2092.46,High
13634.0,32,5,1575.16,315.03200000000004,1536.0337,High
13635.0,67,1,1071.03,1071.03,1047.1433,Medium
13636.0,36,6,941.62,156.93666666666667,975.1525,Medium
13637.0,51,3,810.5,270.1666666666667,770.0685,Medium
13638.0,15,1,122.64,122.64,120.69511,Low
13639.0,73,1,1033.34,1033.34,1029.5166,Medium
13642.0,215,1,354.8,354.8,350.04904,Low
13643.0,30,3,519.44,173.14666666666668,511.5385,Medium
13644.0,8,5,2597.52,519.504,2621.1934,High
13645.0,119,1,252.1,252.1,248.70808,Low
13647.0,9,5,1670.22,334.044,1616.4077,High
13649.0,256,2,346.6,173.3,351.71545,Low
13650.0,16,7,1809.34,258.47714285714284,1770.757,High
13651.0,34,2,94.2,47.1,101.710655,Low
13652.0,45,3,1095.08,365.02666666666664,1101.302,Medium
13654.0,42,6,2707.33,451.22166666666664,2626.289,High
13655.0,113,2,932.97,466.485,942.0095,Medium
13656.0,164,2,379.65,189.825,369.94827,Low
13657.0,10,2,382.14,191.07,380.2861,Medium
13658.0,9,7,2421.47,345.9242857142857,2466.641,High
13659.0,196,3,1550.85,516.9499999999999,1590.8895,High
13662.0,85,7,879.08,125.58285714285715,920.2894,Medium
13663.0,178,1,189.47,189.47,186.78326,Low
13666.0,59,3,84.65,28.21666666666667,75.55291,Low
13667.0,148,1,305.02,305.02,311.70825,Low
13668.0,2,29,6216.07,214.34724137931033,6180.7363,High
13669.0,50,2,218.55,109.275,229.85121,Low
13670.0,74,1,349.7,349.7,350.66388,Low
13672.0,300,6,-71.46,-11.909999999999998,-87.04823,Low
13673.0,18,2,396.92,198.46,391.7945,Medium
13675.0,150,2,486.82000000000005,243.41000000000003,496.70026,Medium
13678.0,151,1,232.6,232.6,230.41582,Low
13680.0,0,5,2202.31,440.462,2236.3699,High
13681.0,17,4,827.83,206.9575,827.66943,Medium
13682.0,186,1,59.5,59.5,46.919064,Low
13684.0,285,2,64.23,32.115,58.224693,Low
13685.0,2,7,3119.44,445.63428571428574,3068.4805,High
13686.0,182,1,72.0,72.0,73.857216,Low
13689.0,62,1,910.0,910.0,881.8945,Medium
13690.0,58,1,172.25,172.25,169.77402,Low
13692.0,24,5,1466.8700000000001,293.374,1462.0695,High
13693.0,324,2,-32.0,-16.0,-27.52628,Low
13694.0,3,60,62653.1,1044.2183333333332,62652.72,High
13695.0,30,15,2504.13,166.942,2466.8748,High
13697.0,38,1,151.29999999999998,151.29999999999998,149.38431,Low
13699.0,154,1,308.58000000000004,308.58000000000004,314.75323,Low
13700.0,25,10,2265.12,226.512,2326.1377,High
13703.0,317,1,99.5,99.5,94.21461,Low
13704.0,4,10,2295.31,229.531,2331.2136,High
13705.0,7,3,711.86,237.28666666666666,739.65137,Medium
13706.0,302,1,330.79,330.79,336.87988,Low
13707.0,266,2,806.41,403.205,805.77844,Medium
13708.0,270,1,296.88,296.88,300.71988,Low
13709.0,3,17,6249.110000000001,367.59470588235297,6191.634,High
13710.0,31,1,180.48,180.48,181.31015,Low
13711.0,218,2,252.06,126.03,269.84464,Low
13712.0,246,1,228.84,228.84,232.58264,Low
13715.0,280,8,1053.94,131.7425,1078.8488,Medium
13716.0,268,1,138.28,138.28,143.6765,Low
13717.0,31,7,1432.26,204.60857142857142,1448.2856,High
13718.0,245,2,306.55,153.275,315.91208,Low
13719.0,14,5,1041.68,208.336,1036.4136,Medium
13720.0,116,4,799.9,199.975,796.2726,Medium
13721.0,35,1,524.14,524.14,529.27655,Medium
13722.0,119,4,2369.16,592.29,2222.6072,High
13723.0,216,1,199.85000000000002,199.85000000000002,197.40776,Low
13725.0,49,11,1809.81,164.52818181818182,1776.4961,High
13726.0,38,2,1079.6599999999999,539.8299999999999,1078.4879,Medium
13727.0,28,2,333.48,166.74,343.8284,Low
13728.0,36,6,1016.14,169.35666666666665,1021.1926,Medium
13730.0,135,2,752.6,376.3,752.1733,Medium
13731.0,218,2,610.59,305.295,610.98065,Medium
13732.0,27,1,491.86,491.86,483.6326,Medium
13735.0,24,8,2766.18,345.7725,2780.9746,High
13736.0,4,3,724.0,241.33333333333334,737.9972,Medium
13737.0,199,1,339.59999999999997,339.59999999999997,348.1216,Low
13739.0,17,1,216.9,216.9,229.26361,Low
13740.0,240,1,350.75,350.75,349.8515,Low
13741.0,71,4,666.33,166.5825,661.06323,Medium
13742.0,16,14,3102.42,221.60142857142858,3398.9866,High
13743.0,2,8,1340.1499999999999,167.51874999999998,1323.2039,High
13744.0,94,2,1156.36,578.18,1111.2474,Medium
13745.0,150,2,291.54,145.77,296.34286,Low
13747.0,373,1,79.6,79.6,82.316124,Low
13748.0,95,5,948.25,189.65,972.7714,Medium
13750.0,53,5,1647.26,329.452,1598.5281,High
13751.0,287,1,296.25,296.25,300.71988,Low
13752.0,123,6,1186.28,197.71333333333334,1186.4883,High
13753.0,287,1,741.26,741.26,754.0756,Medium
13754.0,151,2,282.59999999999997,141.29999999999998,294.347,Low
13755.0,3,10,2154.68,215.468,2110.3147,High
13756.0,1,15,5145.12,343.008,5267.154,High
13758.0,11,7,3190.55,455.79285714285714,3259.0378,High
13759.0,32,2,659.4100000000001,329.70500000000004,656.81824,Medium
13760.0,53,2,286.79,143.395,296.4012,Low
13761.0,49,2,1070.65,535.325,1060.7924,Medium
13762.0,203,2,3.552713678800501e-15,1.7763568394002505e-15,12.1398,Low
13763.0,62,3,1689.46,563.1533333333333,1715.05,High
13764.0,70,3,1521.76,507.25333333333333,1564.2936,High
13767.0,1,52,16945.71,325.87903846153847,16933.178,High
13769.0,1,16,2771.87,173.241875,2801.2786,High
13771.0,63,5,2631.7,526.3399999999999,2692.831,High
13772.0,33,3,1132.13,377.3766666666667,1123.5742,Medium
13774.0,81,1,345.0,345.0,348.934,Low
13777.0,0,41,25748.350000000002,628.008536585366,25806.084,High
13778.0,102,1,178.7,178.7,177.98074,Low
13780.0,6,2,360.01,180.005,359.22192,Low
13781.0,250,1,127.84,127.84,128.93019,Low
13782.0,12,6,912.0,152.0,884.8752,Medium
13784.0,9,11,2462.79,223.89,2457.1135,High
13786.0,366,1,230.39999999999998,230.39999999999998,231.16876,Low
13787.0,75,2,309.04,154.52,311.768,Low
13790.0,3,1,348.8,348.8,335.30515,Low
13791.0,42,3,1047.68,349.2266666666667,1058.8652,Medium
13792.0,65,2,195.55,97.775,208.03922,Low
13798.0,0,63,36351.42,577.0066666666667,36374.703,High
13799.0,116,2,688.86,344.43,663.8624,Medium
13800.0,309,1,558.32,558.32,574.36597,Medium
13801.0,66,1,324.8,324.8,334.00632,Low
13802.0,137,6,3906.27,651.045,3932.1897,High
13803.0,254,1,277.07,277.07,289.92004,Low
13804.0,30,7,2635.79,376.5414285714286,2641.1946,High
13805.0,51,2,924.6,462.3,926.8956,Medium
13806.0,63,1,256.38,256.38,246.06027,Low
13807.0,366,1,112.6,112.6,119.74263,Low
13808.0,5,5,1747.66,349.53200000000004,1774.9736,High
13809.0,304,1,155.05,155.05,158.14795,Low
13810.0,28,4,899.51,224.8775,870.9531,Medium
13811.0,183,4,591.75,147.9375,606.1178,Medium
13812.0,41,3,539.0,179.66666666666666,514.12897,Medium
13813.0,39,5,1353.41,270.682,1336.1844,High
13814.0,55,3,1562.12,520.7066666666666,1600.1274,High
13815.0,21,5,4014.91,802.982,4014.6926,High
13816.0,23,4,555.04,138.76,579.7564,Medium
13817.0,28,2,382.98,191.49,378.84473,Medium
13819.0,301,3,1140.35,380.1166666666666,1119.5723,Medium
13821.0,144,2,385.64,192.82,369.5562,Low
13822.0,5,2,632.0,316.0,626.36365,Medium
13823.0,18,2,957.66,478.83,959.1361,Medium
13824.0,32,5,1698.94,339.788,1765.8401,High
13826.0,157,2,174.65,87.325,166.2218,Low
13827.0,57,3,412.05,137.35,420.20004,Medium
13828.0,21,1,209.49,209.49,231.90056,Low
13829.0,358,1,-102.0,-102.0,-181.51448,Low
13831.0,15,6,2202.99,367.16499999999996,2188.799,High
13832.0,17,2,40.949999999999996,20.474999999999998,6.9118967,Low
13833.0,158,1,384.8,384.8,386.88217,Medium
13835.0,24,4,834.57,208.6425,834.3618,Medium
13837.0,211,2,271.24,135.62,275.3281,Low
13838.0,5,4,691.73,172.9325,695.0491,Medium
13841.0,252,1,85.0,85.0,91.35106,Low
13842.0,58,9,3385.62,376.18,3270.2585,High
13844.0,10,1,361.62,361.62,356.71948,Low
13845.0,64,1,312.98,312.98,315.67535,Low
13846.0,24,4,847.61,211.9025,839.982,Medium
13848.0,91,3,1255.0,418.3333333333333,1241.939,High
13849.0,51,2,1537.95,768.975,1492.3754,High
13850.0,87,2,1586.81,793.405,1619.8066,High
13851.0,95,3,2651.46,883.82,2618.6565,High
13853.0,8,2,1056.94,528.47,1056.9673,Medium
13854.0,8,29,8025.0199999999995,276.72482758620686,8058.1743,High
13856.0,168,5,363.4,72.67999999999999,381.06534,Medium
13858.0,56,1,216.17,216.17,228.28629,Low
13859.0,325,1,201.16,201.16,197.40776,Low
13860.0,0,6,1240.0,206.66666666666666,1223.0006,High
13862.0,17,10,2187.31,218.731,2048.8545,High
13863.0,244,2,299.56,149.78,302.15256,Low
13865.0,57,4,501.56,125.39,504.43976,Medium
13866.0,73,1,145.67000000000002,145.67000000000002,148.45015,Low
13867.0,30,3,1015.29,338.43,1003.7097,Medium
13868.0,6,2,3192.54,1596.27,3198.3484,High
13869.0,122,4,3104.95,776.2375,3114.987,High
13870.0,1,10,2751.25,275.125,2761.3103,High
13871.0,22,14,6389.8,456.4142857142857,6234.6343,High
13873.0,119,4,381.7,95.425,378.14392,Medium
13874.0,357,1,540.45,540.45,564.03406,Medium
13875.0,53,5,1786.79,357.358,1775.3811,High
13876.0,63,1,122.7,122.7,115.30854,Low
13877.0,85,1,117.24,117.24,121.87723,Low
13878.0,54,1,1281.53,1281.53,1255.142,High
13880.0,20,13,3219.77,247.67461538461538,3250.1765,High
13881.0,3,22,16989.52,772.2509090909091,16986.719,High
13882.0,2,6,1131.28,188.54666666666665,1167.0001,High
13883.0,0,9,2538.75,282.0833333333333,2505.9517,High
13884.0,6,6,781.3000000000001,130.21666666666667,780.11896,Medium
13885.0,188,2,506.8,253.4,509.3755,Medium
13886.0,70,1,243.56,243.56,233.5137,Low
13887.0,203,1,349.55,349.55,349.8515,Low
13888.0,119,2,605.63,302.815,598.8166,Medium
13889.0,92,1,416.90000000000003,416.90000000000003,419.4565,Medium
13890.0,0,14,1860.8600000000001,132.91857142857143,1858.6116,High
13892.0,26,4,632.97,158.2425,647.9053,Medium
13893.0,297,1,821.1,821.1,843.8682,Medium
13894.0,21,5,535.97,107.194,559.9208,Medium
13895.0,20,5,2588.12,517.624,2621.3906,High
13897.0,49,1,311.16,311.16,315.89987,Low
13898.0,325,1,155.93,155.93,158.14795,Low
13899.0,15,2,388.52,194.26,380.77554,Medium
13900.0,182,3,740.95,246.98333333333335,760.9369,Medium
13901.0,71,5,2867.2,573.4399999999999,2876.5308,High
13904.0,36,2,332.64,166.32,347.31204,Low
13908.0,79,5,2347.05,469.41,2414.747,High
13911.0,56,9,2580.91,286.7677777777778,2587.7017,High
13914.0,3,3,613.95,204.65,607.19977,Medium
13917.0,49,2,272.04,136.02,272.56586,Low
13918.0,49,2,1212.8400000000001,606.4200000000001,1123.1404,Medium
13919.0,52,3,350.15999999999997,116.71999999999998,337.65457,Low
13922.0,351,1,172.25,172.25,176.01668,Low
13923.0,53,1,351.13,351.13,351.19617,Low
13924.0,1,11,1682.08,152.91636363636363,1596.7258,High
13925.0,35,6,616.65,102.77499999999999,619.1028,Medium
13926.0,22,1,223.85000000000002,223.85000000000002,234.22427,Low
13927.0,74,1,348.99,348.99,350.66388,Low
13928.0,10,4,464.57,116.1425,477.29614,Medium
13929.0,168,3,802.85,267.6166666666667,768.14276,Medium
13930.0,57,2,337.34,168.67,344.33966,Low
13931.0,85,3,1230.93,410.31,1184.4187,High
13932.0,294,1,307.4,307.4,313.06448,Low
13933.0,108,2,608.7900000000001,304.39500000000004,609.23236,Medium
13934.0,263,1,922.1,922.1,988.7328,Medium
13936.0,170,2,361.28,180.64,355.97235,Low
13937.0,168,1,158.85,158.85,156.79172,Low
13938.0,34,1,71.66,71.66,76.190216,Low
13939.0,22,4,556.75,139.1875,581.1386,Medium
13940.0,16,4,839.14,209.785,835.80316,Medium
13941.0,21,7,4912.41,701.7728571428571,4783.9043,High
13946.0,78,3,561.5699999999999,187.18999999999997,558.4366,Medium
13947.0,64,1,90.6,90.6,80.19595,Low
13948.0,360,1,102.0,102.0,99.03137,Low
13949.0,2,6,2427.32,404.55333333333334,2408.1929,High
13950.0,10,5,728.56,145.712,715.23706,Medium
13951.0,175,3,674.45,224.8166666666667,667.1119,Medium
13952.0,210,3,3246.091,1082.0303333333334,3147.6406,High
13953.0,6,7,3515.68,502.23999999999995,3514.8684,High
13954.0,1,3,378.59,126.19666666666666,380.37653,Medium
13955.0,153,2,322.96,161.48,329.0408,Low
13956.0,4,5,1026.42,205.28400000000002,1031.44,Medium
13958.0,371,1,-102.45,-102.45,-624.5002,Low
13959.0,78,3,598.2,199.4,600.96375,Medium
13960.0,20,2,230.22,115.11,228.51459,Low
13962.0,21,2,169.55,84.775,166.01585,Low
13963.0,307,4,664.54,166.135,658.6281,Medium
13967.0,145,1,80.7,80.7,76.725334,Low
13969.0,6,20,8986.69,449.33450000000005,8975.637,High
13971.0,8,11,2702.2200000000003,245.65636363636366,2695.2527,High
13972.0,70,2,190.25,95.125,174.28731,Low
13973.0,286,1,264.7,264.7,249.15625,Low
13974.0,48,1,413.59000000000003,413.59000000000003,420.4254,Medium
13975.0,30,7,2503.23,357.6042857142857,2510.9104,High
13976.0,206,1,357.98,357.98,350.04904,Low
13978.0,14,2,196.79000000000002,98.39500000000001,208.33409,Low
13979.0,72,1,869.87,869.87,865.58234,Medium
13980.0,59,1,200.14,200.14,196.21585,Low
13982.0,38,5,1861.11,372.222,1834.6517,High
13983.0,29,13,2590.46,199.26615384615386,2618.802,High
13984.0,26,6,488.03,81.33833333333332,467.67737,Medium
13985.0,3,16,7024.53,439.033125,6959.9062,High
13986.0,16,1,320.46,320.46,320.6813,Low
13988.0,19,9,4098.8,455.4222222222222,4177.333,High
13989.0,65,2,1266.08,633.04,1283.538,High
13990.0,212,1,311.3,311.3,316.10947,Low
13991.0,11,7,850.63,121.51857142857143,867.0056,Medium
13992.0,29,1,76.8,76.8,78.363686,Low
13993.0,31,12,3409.66,284.1383333333333,3305.4229,High
13994.0,3,6,2313.14,385.5233333333333,2320.6614,High
13995.0,14,6,1383.49,230.58166666666668,1438.2095,High
13999.0,9,15,3865.26,257.684,3847.362,High
14000.0,205,2,633.71,316.855,621.97186,Medium
14001.0,45,4,2030.3300000000002,507.58250000000004,1977.0435,High
14002.0,133,2,529.73,264.865,517.54004,Medium
14004.0,42,7,4582.64,654.6628571428572,4631.579,High
14005.0,9,5,2874.72,574.944,2883.491,High
14006.0,115,3,962.19,320.73,967.5455,Medium
14009.0,197,3,685.9300000000001,228.64333333333335,667.1119,Medium
14012.0,277,1,328.8,328.8,336.87988,Low
14013.0,109,3,473.02,157.67333333333332,457.08527,Medium
14014.0,76,1,505.18,505.18,499.64667,Medium
14015.0,52,1,917.34,917.34,888.25305,Medium
14016.0,153,5,4328.46,865.692,4322.052,High
14019.0,46,4,1398.96,349.74,1417.0637,High
14020.0,16,2,642.8,321.4,625.4967,Medium
14021.0,154,3,631.9,210.63333333333333,650.73486,Medium
14022.0,224,1,440.0,440.0,441.26657,Medium
14023.0,6,2,584.07,292.035,564.0751,Medium
14024.0,121,2,327.7,163.85,329.0408,Low
14027.0,60,1,104.82,104.82,95.05348,Low
14029.0,62,2,467.66,233.83,491.6939,Medium
14030.0,17,8,2360.09,295.01125,2289.0667,High
14031.0,6,23,14634.640000000001,636.2886956521739,14600.493,High
14032.0,1,18,2929.84,162.7688888888889,2930.2312,High
14034.0,21,4,512.02,128.005,519.3656,Medium
14035.0,28,5,1428.02,285.604,1466.2216,High
14036.0,284,1,626.65,626.65,612.5377,Medium
14037.0,175,2,147.20000000000002,73.60000000000001,157.2571,Low
14038.0,77,4,1554.48,388.62,1631.416,High
14039.0,32,1,152.2,152.2,155.05562,Low
14040.0,40,15,3542.19,236.14600000000002,3528.011,High
14041.0,265,1,141.41,141.41,144.93736,Low
14044.0,26,4,652.82,163.205,649.71594,Medium
14045.0,108,4,1659.75,414.9375,1678.8081,High
14046.0,283,1,154.99,154.99,158.14795,Low
14047.0,8,7,1290.01,184.28714285714287,1349.1194,High
14048.0,276,2,375.13,187.565,373.62732,Medium
14049.0,16,6,5639.15,939.8583333333332,5593.0264,High
14050.0,31,2,746.36,373.18,758.11414,Medium
14051.0,0,26,15477.34,595.2823076923077,15459.257,High
14052.0,19,1,225.36,225.36,234.28339,Low
14053.0,123,2,260.25,130.125,274.65387,Low
14054.0,64,1,92.46,92.46,80.19595,Low
14055.0,105,1,725.6400000000001,725.6400000000001,696.16113,Medium
14056.0,0,29,8124.4,280.151724137931,8144.121,High
14057.0,23,18,6147.4,341.5222222222222,6186.1914,High
14059.0,266,1,183.6,183.6,184.4736,Low
14060.0,4,20,6135.38,306.769,5981.1504,High
14062.0,9,12,10464.85,872.0708333333333,10404.793,High
14064.0,28,7,1188.32,169.76,1178.8481,High
14066.0,266,1,152.55,152.55,155.24548,Low
14067.0,63,2,374.7,187.35,374.68506,Medium
14068.0,319,1,265.85,265.85,249.15625,Low
14071.0,3,9,1307.41,145.26777777777778,1313.1875,High
14073.0,20,2,139.54,69.77,130.67134,Low
14075.0,4,3,942.26,314.08666666666664,951.36694,Medium
14076.0,128,1,122.47,122.47,122.69543,Low
14077.0,40,5,499.41999999999996,99.88399999999999,527.10626,Medium
14078.0,101,6,1049.37,174.89499999999998,1052.9446,Medium
14079.0,124,1,375.1,375.1,383.49713,Medium
14080.0,32,1,45.599999999999994,45.599999999999994,49.720074,Low
14081.0,266,4,904.67,226.1675,856.8647,Medium
14082.0,364,1,182.25,182.25,183.05975,Low
14083.0,3,9,1018.43,113.15888888888888,1067.2549,Medium
14085.0,1,19,4435.79,233.46263157894737,4320.2974,High
14087.0,2,2,181.67,90.835,172.20227,Low
14088.0,9,14,50415.49,3601.1064285714283,46814.703,High
14089.0,56,1,161.0,161.0,164.11388,Low
14090.0,324,1,76.32000000000001,76.32000000000001,75.94477,Low
14092.0,7,17,4063.1,239.00588235294117,4051.5598,High
14093.0,11,1,442.85,442.85,444.51242,Medium
14096.0,3,34,57120.909999999996,1680.0267647058822,57098.016,High
14098.0,36,1,147.35,147.35,145.12167,Low
14099.0,15,12,3092.9700000000003,257.7475,2896.1697,High
14100.0,137,1,194.9,194.9,188.8427,Low
14101.0,73,6,5976.79,996.1316666666667,5878.392,High
14102.0,4,8,1314.73,164.34125,1305.0581,High
14104.0,154,2,216.20999999999998,108.10499999999999,231.25722,Low
14105.0,84,2,1260.33,630.165,1291.84,High
14107.0,51,8,2688.48,336.06,2670.0542,High
14108.0,30,3,594.16,198.0533333333333,608.51276,Medium
14109.0,22,2,80.2,40.1,68.55455,Low
14110.0,3,13,5669.65,436.12692307692305,5619.2456,High
14111.0,13,5,688.6,137.72,687.9389,Medium
14112.0,22,12,2774.17,231.18083333333334,2699.8762,High
14113.0,3,8,1377.92,172.24,1359.6722,High
14114.0,273,2,386.53,193.265,371.3045,Low
14116.0,19,5,1382.74,276.548,1362.0691,High
14117.0,143,1,90.0,90.0,78.56023,Low
14119.0,353,1,-19.9,-19.9,-36.157803,Low
14121.0,3,6,2740.3,456.7166666666667,2790.821,High
14124.0,83,1,419.58000000000004,419.58000000000004,419.4565,Medium
14125.0,10,3,2740.43,913.4766666666666,2632.4026,High
14126.0,7,4,643.6300000000001,160.90750000000003,650.86414,Medium
14127.0,122,3,709.71,236.57000000000002,726.6439,Medium
14128.0,60,2,637.5,318.75,618.9308,Medium
14129.0,1,5,1123.8600000000001,224.77200000000002,1086.6681,Medium
14130.0,318,1,483.86,483.86,478.85138,Medium
14132.0,1,12,3580.13,298.3441666666667,3664.9792,High
14133.0,129,5,590.3399999999999,118.06799999999998,599.6729,Medium
14135.0,1,15,4690.31,312.68733333333336,4612.8174,High
14138.0,1,2,982.3800000000001,491.19000000000005,980.29584,Medium
14139.0,45,1,415.82,415.82,420.4254,Medium
14140.0,3,3,920.05,306.68333333333334,948.1034,Medium
14141.0,2,6,879.0300000000001,146.50500000000002,859.07294,Medium
14142.0,372,1,311.81,311.81,317.76477,Low
14143.0,133,1,115.8,115.8,118.54014,Low
14145.0,46,5,3148.2,629.64,3062.399,High
14146.0,8,6,2949.57,491.595,2902.2144,High
14147.0,48,3,468.4,156.13333333333333,459.8351,Medium
14148.0,233,1,157.2,157.2,158.14795,Low
14149.0,212,3,259.43,86.47666666666667,245.97775,Low
14150.0,35,2,658.64,329.32,654.60986,Medium
14152.0,74,3,611.09,203.6966666666667,603.1986,Medium
14154.0,238,2,1345.62,672.81,1349.6198,High
14155.0,265,1,118.75,118.75,123.36963,Low
14156.0,9,66,113384.14,1717.9415151515152,251640.66,High
14157.0,19,3,400.43,133.47666666666666,391.04565,Medium
14158.0,39,1,507.66,507.66,500.17896,Medium
14159.0,19,14,4678.3,334.1642857142857,4652.1587,High
14161.0,215,3,1110.52,370.17333333333335,1123.6843,Medium
14162.0,173,2,289.36,144.68,298.48923,Low
14163.0,86,4,2445.91,611.4775,2532.7532,High
14164.0,70,2,1631.77,815.885,1657.562,High
14165.0,275,1,122.53999999999999,122.53999999999999,123.36963,Low
14167.0,38,4,574.84,143.71,581.65515,Medium
14171.0,97,1,363.79,363.79,357.26218,Low
14173.0,10,4,450.84,112.71,449.0045,Medium
14174.0,32,1,134.46,134.46,132.2254,Low
14175.0,50,7,3108.06,444.00857142857143,3112.1575,High
14176.0,296,5,574.0,114.8,578.4704,Medium
14177.0,84,5,554.46,110.89200000000001,564.68036,Medium
14178.0,8,7,1620.93,231.5614285714286,1685.5142,High
14179.0,40,2,719.78,359.89,729.5082,Medium
14180.0,10,31,4640.77,149.70225806451614,4607.7485,High
14184.0,66,1,452.89,452.89,455.5589,Medium
14185.0,330,1,197.65,197.65,190.19891,Low
14188.0,8,10,2018.91,201.89100000000002,1963.8344,High
14189.0,1,24,4604.31,191.84625000000003,4594.376,High
14191.0,1,14,4660.01,332.85785714285714,4639.426,High
14193.0,67,2,853.39,426.695,858.42145,Medium
14194.0,4,32,11216.75,350.5234375,11189.048,High
14195.0,201,3,962.7,320.90000000000003,978.6147,Medium
14196.0,106,1,335.52,335.52,342.28632,Low
14198.0,3,7,663.5,94.78571428571429,651.0164,Medium
14199.0,217,1,185.39999999999998,185.39999999999998,185.06323,Low
14201.0,59,9,688.04,76.44888888888889,706.06067,Medium
14204.0,1,1,161.03,161.03,168.76471,Low
14205.0,10,4,218.78,54.695,222.44737,Low
14206.0,238,2,308.26,154.13,315.91208,Low
14208.0,94,1,151.74,151.74,153.88925,Low
14209.0,10,7,2067.13,295.30428571428575,2115.3796,High
14210.0,90,7,1900.89,271.5557142857143,1872.2751,High
14211.0,52,13,2208.3,169.8692307692308,2223.906,High
14212.0,89,1,1070.48,1070.48,1059.6519,Medium
14213.0,371,1,-1192.2,-1192.2,-624.5002,Low
14214.0,30,7,1000.23,142.89000000000001,988.8468,Medium
14215.0,11,7,1777.92,253.98857142857145,1773.6937,High
14216.0,2,4,1839.3,459.825,1812.4651,High
14217.0,1,24,1925.3600000000001,80.22333333333334,1913.8956,High
14218.0,42,1,169.48000000000002,169.48000000000002,166.66614,Low
14219.0,3,1,89.94,89.94,83.28183,Low
14220.0,246,2,632.4,316.2,620.69446,Medium
14221.0,41,10,3427.85,342.78499999999997,3297.912,High
14222.0,176,1,683.17,683.17,669.3999,Medium
14223.0,91,4,975.23,243.8075,948.5551,Medium
14224.0,109,4,1050.12,262.53,1073.9197,Medium
14226.0,28,7,2201.64,314.52,2211.718,High
14227.0,25,15,3315.71,221.04733333333334,3474.6958,High
14229.0,51,5,1450.6,290.12,1472.9645,High
14231.0,178,5,822.0600000000001,164.412,785.6225,Medium
14232.0,31,8,2043.93,255.49125,2033.1647,High
14233.0,43,5,1447.51,289.502,1464.0953,High
14234.0,21,4,775.46,193.865,778.677,Medium
14235.0,9,6,3093.86,515.6433333333333,3066.83,High
14236.0,80,2,490.86,245.43,494.19043,Medium
14237.0,372,1,161.0,161.0,166.10582,Low
14238.0,325,1,146.85,146.85,150.7206,Low
14239.0,42,13,2323.5,178.73076923076923,2328.271,High
14240.0,29,2,890.34,445.17,907.21936,Medium
14241.0,183,1,213.70000000000002,213.70000000000002,233.72186,Low
14242.0,234,2,280.55,140.275,295.70322,Low
14243.0,8,14,2535.88,181.1342857142857,2478.8235,High
14245.0,175,5,1677.48,335.496,1594.3734,High
14246.0,110,3,1474.06,491.3533333333333,1454.0568,High
14247.0,277,1,136.76999999999998,136.76999999999998,130.66818,Low
14248.0,317,1,302.58,302.58,302.64874,Low
14250.0,6,3,1904.05,634.6833333333333,1901.6088,High
14251.0,1,5,2879.7000000000003,575.94,2842.7217,High
14256.0,253,3,935.0600000000001,311.68666666666667,940.229,Medium
14257.0,50,6,3087.27,514.545,3070.1396,High
14258.0,8,10,12650.08,1265.008,12531.855,High
14259.0,141,1,120.0,120.0,122.69543,Low
14261.0,50,2,1163.45,581.725,1105.0531,Medium
14262.0,7,8,2618.23,327.27875,2621.039,High
14264.0,154,3,319.47,106.49000000000001,307.64142,Low
14265.0,108,2,530.18,265.09,517.54004,Medium
14267.0,150,7,1279.09,182.72714285714284,1278.4941,High
14270.0,331,1,492.65000000000003,492.65000000000003,498.18567,Medium
14271.0,225,1,112.32,112.32,114.20453,Low
14272.0,73,2,437.96,218.98,429.97296,Medium
14273.0,50,4,559.97,139.9925,572.3122,Medium
14276.0,87,5,1019.39,203.878,1013.96515,Medium
14277.0,14,4,3957.0,989.25,4028.1414,High
14280.0,196,1,134.04,134.04,129.31198,Low
14282.0,2,15,3729.34,248.62266666666667,3842.5513,High
14284.0,30,3,578.45,192.8166666666667,574.5771,Medium
14285.0,20,4,1910.01,477.5025,1849.6948,High
14286.0,23,5,4595.81,919.162,4289.794,High
14287.0,7,4,151.23000000000002,37.807500000000005,157.14857,Low
14288.0,211,2,413.85,206.925,384.82043,Medium
14289.0,8,6,911.26,151.87666666666667,884.8752,Medium
14290.0,10,6,2307.4500000000003,384.57500000000005,2336.169,High
14291.0,1,12,3873.3,322.77500000000003,3897.0054,High
14292.0,7,14,4819.33,344.23785714285714,4880.982,High
14293.0,2,4,1046.56,261.64,1068.925,Medium
14295.0,39,2,154.70000000000002,77.35000000000001,159.97688,Low
14297.0,17,6,1284.06,214.01,1274.5928,High
14298.0,2,45,50862.44,1130.2764444444445,50857.707,High
14299.0,7,18,2855.35,158.63055555555556,2910.0925,High
14300.0,18,1,43.2,43.2,46.054882,Low
14301.0,107,2,632.04,316.02,618.94617,Medium
14304.0,222,2,197.1,98.55,205.10712,Low
14305.0,70,5,1803.76,360.752,1793.0345,High
14306.0,50,3,2083.42,694.4733333333334,2190.9448,High
14307.0,88,6,2995.72,499.28666666666663,3040.6128,High
14309.0,7,10,2319.68,231.968,2416.5156,High
14311.0,224,2,229.71,114.855,231.2076,Low
14312.0,46,6,1611.59,268.5983333333333,1661.1272,High
14314.0,106,1,120.0,120.0,122.69543,Low
14315.0,20,7,2456.98,350.9971428571429,2466.0576,High
14317.0,64,1,508.58000000000004,508.58000000000004,499.95444,Medium
14320.0,206,3,343.11,114.37,342.29196,Low
14321.0,10,5,1530.75,306.15,1525.1218,High
14323.0,114,4,574.26,143.565,576.6286,Medium
14326.0,234,2,166.85,83.425,150.42291,Low
14327.0,162,1,311.65,311.65,314.75323,Low
14329.0,8,14,4928.74,352.05285714285714,4907.7314,High
14331.0,123,2,462.65999999999997,231.32999999999998,493.89597,Medium
14332.0,22,3,866.31,288.77,875.7043,Medium
14333.0,63,2,351.45,175.725,350.70377,Low
14334.0,16,9,2539.46,282.1622222222222,2537.4329,High
14335.0,15,2,468.26,234.13,491.24353,Medium
14336.0,16,4,1614.91,403.7275,1636.4722,High
14338.0,157,4,554.22,138.555,569.5624,Medium
14339.0,234,4,289.90999999999997,72.47749999999999,285.34656,Low
14340.0,218,1,134.7,134.7,130.66818,Low
14341.0,44,9,2166.38,240.7088888888889,2198.2397,High
14342.0,20,6,607.71,101.28500000000001,587.9229,Medium
14344.0,126,8,889.9300000000001,111.24125000000001,893.5649,Medium
14345.0,38,1,108.97999999999999,108.97999999999999,116.08109,Low
14346.0,120,2,1021.58,510.79,1024.8251,Medium
14348.0,259,1,409.57,409.57,405.45773,Medium
14349.0,9,1,133.5,133.5,130.96873,Low
14350.0,270,2,258.7,129.35,275.3281,Low
14351.0,164,1,51.0,51.0,43.73937,Low
14352.0,156,4,1078.96,269.74,1089.1687,Medium
14353.0,214,1,90.6,90.6,95.092865,Low
14354.0,5,2,163.62,81.81,158.85619,Low
14355.0,365,1,174.4,174.4,175.09851,Low
14356.0,59,4,666.9399999999999,166.73499999999999,661.06323,Medium
14357.0,42,1,225.77,225.77,229.02441,Low
14359.0,18,6,882.58,147.09666666666666,868.4667,Medium
14360.0,31,4,2128.23,532.0575,2147.9722,High
14362.0,21,1,161.2,161.2,168.0771,Low
14364.0,108,8,3717.35,464.66875,3726.023,High
14367.0,7,19,9167.82,482.51684210526315,9144.452,High
14368.0,319,1,155.0,155.0,158.14795,Low
14371.0,294,1,100.5,100.5,94.21461,Low
14373.0,357,1,76.55,76.55,80.76154,Low
14375.0,184,1,257.68,257.68,247.78879,Low
14377.0,190,2,617.05,308.525,612.6694,Medium
14379.0,43,2,348.1,174.05,350.70377,Low
14381.0,51,1,202.68,202.68,200.88055,Low
14382.0,25,1,626.0699999999999,626.0699999999999,602.64374,Medium
14383.0,37,3,1247.69,415.8966666666667,1247.4707,High
14385.0,8,3,202.11,67.37,212.67233,Low
14386.0,296,1,142.4,142.4,144.93736,Low
14387.0,32,3,1770.56,590.1866666666666,1724.9926,High
14388.0,8,10,3172.04,317.204,3152.2097,High
14389.0,8,5,999.72,199.94400000000002,1016.6522,Medium
14390.0,9,13,4592.47,353.2669230769231,4618.4824,High
14393.0,217,1,67.95,67.95,58.298904,Low
14395.0,1,12,3471.91,289.3258333333333,3019.802,High
14396.0,64,2,487.99,243.995,494.4982,Medium
14397.0,0,23,2556.68,111.16,2543.3254,High
14400.0,140,2,559.7,279.85,565.85156,Medium
14401.0,3,14,4039.98,288.57,4005.2615,High
14403.0,129,5,1426.31,285.262,1451.5502,High
14404.0,33,7,1434.72,204.96,1448.2856,High
14406.0,118,1,156.75,156.75,156.79172,Low
14407.0,106,9,2111.08,234.56444444444443,2035.6027,High
14408.0,10,7,2606.53,372.3614285714286,2627.32,High
14409.0,70,7,1908.25,272.60714285714283,1891.2899,High
14410.0,15,15,576.3,38.419999999999995,607.40454,Medium
14411.0,310,1,1063.0,1063.0,1036.7151,Medium
14412.0,34,3,761.3299999999999,253.77666666666664,768.12714,Medium
14413.0,361,1,122.7,122.7,128.18639,Low
14414.0,91,8,1485.1299999999999,185.64124999999999,1506.0983,High
14415.0,0,18,5811.56,322.8644444444445,5847.557,High
14416.0,21,2,490.22,245.11,497.37628,Medium
14418.0,3,3,1937.25,645.75,1912.9315,High
14419.0,10,6,1058.06,176.34333333333333,1048.1958,Medium
14420.0,84,2,385.87,192.935,369.5562,Low
14421.0,56,2,813.11,406.555,807.56476,Medium
14422.0,0,6,4263.64,710.6066666666667,4085.3638,High
14423.0,217,1,265.2,265.2,249.15625,Low
14424.0,17,1,322.08,322.08,320.6813,Low
14426.0,18,16,3918.9,244.93125,3873.8096,High
14427.0,49,2,363.34000000000003,181.67000000000002,357.30923,Low
14428.0,6,7,1230.14,175.73428571428573,1223.3114,High
14431.0,298,2,397.76,198.88,380.15576,Medium
14432.0,9,6,2255.51,375.91833333333335,2188.799,High
14434.0,21,6,1372.8,228.79999999999998,1363.8678,High
14436.0,98,1,89.06,89.06,83.84102,Low
14437.0,142,2,-43.400000000000006,-21.700000000000003,-26.994299,Low
14438.0,305,1,131.9,131.9,130.66818,Low
14439.0,319,1,2661.24,2661.24,2718.8381,High
14440.0,7,5,2357.6800000000003,471.53600000000006,2417.0051,High
14441.0,0,10,1545.14,154.514,1575.572,High
14442.0,1,5,1544.62,308.924,1532.0681,High
14443.0,53,7,1400.88,200.1257142857143,1419.3679,High
14446.0,0,4,1039.58,259.895,1051.7493,Medium
14447.0,18,5,1163.23,232.64600000000002,1119.2911,Medium
14448.0,8,2,375.35,187.675,378.20486,Medium
14449.0,18,4,907.1,226.775,872.3945,Medium
14450.0,180,3,483.25,161.08333333333334,459.288,Medium
14451.0,59,2,662.59,331.295,653.3478,Medium
14452.0,10,2,264.44,132.22,272.86072,Low
14453.0,189,1,119.93,119.93,122.01341,Low
14456.0,4,14,3047.63,217.68785714285715,2994.7808,High
14457.0,310,1,113.64,113.64,114.925865,Low
14459.0,154,1,1837.92,1837.92,1864.3583,High
14460.0,109,4,383.34,95.835,378.14392,Medium
14461.0,147,3,2103.06,701.02,2203.8948,High
14462.0,63,15,1965.9,131.06,1890.1606,High
14463.0,97,3,529.62,176.54,513.5269,Medium
14465.0,246,3,1058.6200000000001,352.8733333333334,1073.1199,Medium
14466.0,28,7,2272.4,324.62857142857143,2308.021,High
14467.0,17,4,598.76,149.69,620.5304,Medium
14470.0,11,2,461.19,230.595,491.24353,Medium
14472.0,103,8,1936.84,242.105,1912.7722,High
14473.0,73,2,234.34000000000003,117.17000000000002,231.0533,Low
14474.0,42,2,537.71,268.855,560.5489,Medium
14475.0,71,6,799.82,133.30333333333334,786.3741,Medium
14476.0,256,1,215.7,215.7,236.66365,Low
14477.0,19,5,1307.81,261.562,1300.4323,High
14479.0,253,2,316.25,158.125,319.35425,Low
14480.0,10,1,279.05,279.05,291.62076,Low
14481.0,164,2,636.51,318.255,620.6156,Medium
14482.0,17,6,2068.15,344.69166666666666,2030.3776,High
14483.0,149,2,129.2,64.6,123.6261,Low
14484.0,49,1,321.92,321.92,315.42236,Low
14485.0,38,1,165.75,165.75,169.64822,Low
14487.0,26,7,1183.58,169.08285714285714,1178.8481,High
14488.0,50,2,1047.43,523.715,1040.3253,Medium
14489.0,206,1,463.38,463.38,454.05005,Medium
14491.0,174,2,340.93,170.465,346.81973,Low
14493.0,6,7,2362.84,337.54857142857145,2307.933,High
14494.0,25,1,139.56,139.56,141.48068,Low
14495.0,50,2,123.8,61.9,113.47917,Low
14496.0,311,2,538.8100000000001,269.40500000000003,564.4992,Medium
14497.0,300,2,457.47,228.735,435.72006,Medium
14498.0,42,5,1957.32,391.464,1985.2651,High
14499.0,25,3,815.32,271.77333333333337,782.4254,Medium
14500.0,87,3,356.85,118.95,334.90472,Low
14501.0,63,3,190.31,63.43666666666667,200.1233,Low
14502.0,19,14,2351.02,167.93,2346.177,High
14503.0,2,6,3543.26,590.5433333333334,3601.2678,High
14504.0,46,4,673.26,168.315,663.27563,Medium
14505.0,16,11,5818.7,528.9727272727273,5751.6377,High
14506.0,16,5,2012.17,402.434,1973.5018,High
14507.0,23,7,1368.18,195.45428571428573,1391.4556,High
14508.0,21,2,276.42,138.21,294.61057,Low
14511.0,10,6,1267.4099999999999,211.23499999999999,1268.9727,High
14512.0,187,2,275.28,137.64,294.347,Low
14513.0,100,4,438.49,109.6225,437.36902,Medium
14514.0,60,3,1055.35,351.7833333333333,1058.8652,Medium
14515.0,17,6,2102.09,350.34833333333336,2093.306,High
14517.0,32,2,330.45,165.225,351.68384,Low
14518.0,63,1,174.37,174.37,170.59387,Low
14520.0,1,2,270.6,135.3,277.31873,Low
14522.0,23,4,974.54,243.635,966.182,Medium
14523.0,107,1,241.09,241.09,233.65175,Low
14524.0,31,9,1867.68,207.52,1865.1792,High
14525.0,8,13,4221.37,324.72076923076924,4164.953,High
14527.0,2,86,7711.38,89.66720930232559,22938.309,High
14528.0,36,1,364.21999999999997,364.21999999999997,371.7522,Low
14529.0,59,3,620.04,206.67999999999998,603.5064,Medium
14530.0,25,6,2925.91,487.65166666666664,2906.5427,High
14532.0,235,4,932.85,233.2125,909.1806,Medium
14533.0,24,9,1812.6200000000001,201.40222222222224,1786.8702,High
14534.0,2,25,4075.35,163.014,4638.0693,High
14535.0,58,4,2841.09,710.2725,2824.3342,High
14536.0,259,1,171.8,171.8,176.01668,Low
14537.0,57,1,355.56,355.56,351.3937,Low
14538.0,64,2,388.25,194.125,375.50882,Medium
14539.0,15,2,537.48,268.74,565.80774,Medium
14540.0,9,3,996.26,332.08666666666664,1009.9008,Medium
14541.0,58,8,1461.65,182.70625,1449.9117,High
14542.0,185,1,103.25,103.25,98.55271,Low
14543.0,3,21,2916.17,138.8652380952381,2935.5176,High
14544.0,23,2,2024.45,1012.225,2005.8162,High
14546.0,3,9,2487.02,276.3355555555556,2471.1619,High
14547.0,3,9,3986.7400000000002,442.97111111111116,3916.4287,High
14548.0,150,2,652.8,326.4,654.64056,Medium
14549.0,310,1,289.24,289.24,291.13068,Low
14550.0,10,2,765.62,382.81,757.6409,Medium
14551.0,17,2,186.23,93.115,177.63599,Low
14552.0,151,1,165.07,165.07,168.22655,Low
14553.0,18,5,859.27,171.85399999999998,829.824,Medium
14554.0,9,4,2381.04,595.26,2285.448,High
14555.0,56,2,324.14,162.07,326.9528,Low
14557.0,63,2,0.0,0.0,1.5559508,Low
14560.0,6,24,2174.18,90.59083333333332,2160.5308,High
14561.0,75,3,1080.76,360.25333333333333,1083.9429,Medium
14562.0,3,22,4709.22,214.05545454545455,4731.253,High
14565.0,95,6,3073.77,512.295,3075.8352,High
14566.0,110,1,1432.0,1432.0,1432.5991,High
14567.0,34,3,1524.46,508.15333333333336,1567.1312,High
14569.0,0,1,227.39,227.39,216.25835,Low
14570.0,280,2,218.06,109.03,226.91911,Low
14572.0,2,10,2803.69,280.369,2843.9744,High
14573.0,179,13,1603.72,123.36307692307693,1580.5077,High
14576.0,371,1,35.400000000000006,35.400000000000006,28.101822,Low
14577.0,12,4,859.71,214.9275,851.3197,Medium
14578.0,2,1,168.63,168.63,167.1941,Low
14581.0,16,1,138.6,138.6,141.66118,Low
14582.0,40,1,114.11,114.11,116.79102,Low
14583.0,5,5,1052.55,210.51,1044.7793,Medium
14584.0,168,5,1029.26,205.852,1019.4883,Medium
14585.0,49,1,157.05,157.05,152.67905,Low
14586.0,226,3,134.16,44.72,161.65805,Low
14587.0,18,10,1598.24,159.824,1605.411,High
14589.0,371,1,39.75,39.75,28.101822,Low
14591.0,14,4,1447.14,361.785,1444.1909,High
14592.0,34,3,570.46,190.15333333333334,572.3687,Medium
14593.0,21,3,617.99,205.99666666666667,612.3328,Medium
14594.0,6,2,379.83,189.915,377.4054,Medium
14595.0,19,6,1740.6,290.09999999999997,1764.9263,High
14597.0,10,2,883.15,441.575,907.26465,Medium
14598.0,43,1,221.97,221.97,219.89368,Low
14600.0,305,1,393.33000000000004,393.33000000000004,396.91467,Medium
14601.0,10,1,213.96,213.96,231.95967,Low
14603.0,274,1,660.0,660.0,653.69916,Medium
14606.0,0,128,11713.85,91.514453125,11724.581,High
14607.0,15,17,11341.1,667.1235294117647,11324.103,High
14608.0,3,4,1785.15,446.2875,1783.3079,High
14609.0,71,4,601.56,150.39,611.9541,Medium
14616.0,242,3,406.08000000000004,135.36,387.02826,Medium
14618.0,8,4,538.59,134.6475,533.4958,Medium
14619.0,238,2,379.51,189.755,371.3045,Low
14620.0,203,3,393.28000000000003,131.09333333333333,387.02826,Medium
14621.0,0,6,1765.76,294.29333333333335,1776.685,High
14622.0,184,1,320.58000000000004,320.58000000000004,316.71518,Low
14623.0,31,6,869.35,144.89166666666668,824.9706,Medium
14624.0,56,2,225.85,112.925,229.85121,Low
14625.0,184,5,848.48,169.696,815.7662,Medium
14626.0,8,7,2757.07,393.8671428571429,2768.6426,High
14627.0,311,1,-21.85,-21.85,-31.792095,Low
14628.0,90,2,671.96,335.98,663.8624,Medium
14629.0,3,3,939.21,313.07,951.1484,Medium
14631.0,50,3,1006.98,335.66,1006.6916,Medium
14632.0,262,1,114.56,114.56,119.21434,Low
14633.0,265,1,344.90000000000003,344.90000000000003,348.1216,Low
14636.0,35,2,609.85,304.925,616.47473,Medium
14638.0,50,1,443.6,443.6,444.34988,Medium
14639.0,51,8,2952.34,369.0425,2921.4944,High
14640.0,15,8,2042.15,255.26875,2027.6847,High
14641.0,21,1,110.46,110.46,117.165215,Low
14642.0,58,1,96.12,96.12,82.88598,Low
14643.0,169,3,668.61,222.87,667.1119,Medium
14644.0,8,4,780.46,195.115,792.50665,Medium
14645.0,156,2,597.09,298.545,599.2086,Medium
14646.0,1,77,279489.02,3629.727532467533,279473.6,High
14647.0,200,1,243.22,243.22,237.07193,Low
14649.0,4,4,1417.29,354.3225,1417.3401,High
14651.0,66,2,654.6,327.3,653.1232,Medium
14652.0,76,1,114.18,114.18,111.57465,Low
14653.0,0,7,1947.55,278.2214285714286,1930.715,High
14655.0,3,5,1930.15,386.03000000000003,1980.5017,High
14656.0,168,2,291.05,145.525,300.57858,Low
14657.0,17,5,838.27,167.654,815.9965,Medium
14658.0,4,2,247.15,123.575,262.40372,Low
14659.0,8,12,2456.53,204.71083333333334,2433.4172,High
14660.0,86,2,285.74,142.87,298.48923,Low
14661.0,26,1,107.95,107.95,115.78297,Low
14662.0,28,4,771.17,192.7925,777.2948,Medium
14664.0,19,2,637.89,318.945,625.4967,Medium
14665.0,60,7,1258.38,179.76857142857145,1278.5724,High
14666.0,23,1,195.25,195.25,195.48955,Low
14667.0,10,27,9231.2,341.8962962962963,9963.511,High
14669.0,241,3,1269.99,423.33,1253.0083,High
14670.0,279,2,411.53,205.765,384.82043,Medium
14672.0,234,2,765.55,382.775,757.30664,Medium
14673.0,2,5,1736.4,347.28000000000003,1775.7745,High
14675.0,15,1,604.75,604.75,595.94385,Medium
14676.0,30,8,2543.2400000000002,317.90500000000003,2533.048,High
14679.0,371,1,-2.55,-2.55,38.618862,Low
14680.0,24,23,26932.34,1170.9713043478262,26368.885,High
14681.0,70,3,498.95,166.31666666666666,481.84164,Medium
14682.0,187,2,52.0,26.0,35.128338,Low
14684.0,25,5,1236.28,247.256,1170.577,High
14687.0,106,1,628.38,628.38,614.21826,Medium
14688.0,7,27,5107.38,189.16222222222223,5132.5576,High
14689.0,208,1,112.8,112.8,114.925865,Low
14690.0,43,3,358.61,119.53666666666668,335.53873,Low
14691.0,30,5,2114.33,422.866,2136.0132,High
14692.0,136,5,582.05,116.41,599.6729,Medium
14693.0,264,1,172.9,172.9,176.51236,Low
14696.0,3,9,2070.97,230.10777777777776,1976.1881,High
14697.0,217,2,188.60999999999999,94.30499999999999,166.1691,Low
14698.0,1,5,1250.76,250.152,1191.8512,High
14699.0,213,1,109.13000000000001,109.13000000000001,114.20453,Low
14700.0,31,3,2235.3,745.1,2250.982,High
14701.0,10,12,2486.2200000000003,207.18500000000003,2433.4172,High
14702.0,0,18,3250.64,180.5911111111111,3176.5432,High
14703.0,14,1,318.17,318.17,321.1588,Low
14704.0,10,9,1546.91,171.8788888888889,1599.0781,High
14705.0,198,1,179.0,179.0,178.9688,Low
14708.0,2,4,1096.67,274.1675,1121.572,Medium
14709.0,14,14,4911.14,350.7957142857143,4903.5967,High
14710.0,13,4,606.13,151.5325,627.51135,Medium
14711.0,9,12,2838.2,236.51666666666665,2835.368,High
14712.0,28,3,917.07,305.69,940.572,Medium
14713.0,8,12,2664.2599999999998,222.02166666666665,2628.5964,High
14714.0,23,1,160.19,160.19,165.67834,Low
14715.0,24,4,867.38,216.845,830.3218,Medium
14716.0,42,2,329.68,164.84,326.9528,Low
14719.0,1,6,1592.18,265.36333333333334,1655.1671,High
14720.0,5,3,663.81,221.26999999999998,675.37195,Medium
14722.0,146,1,187.92000000000002,187.92000000000002,187.75708,Low
14723.0,9,6,1158.3,193.04999999999998,1193.8291,High
14725.0,24,1,718.08,718.08,710.4529,Medium
14727.0,273,1,268.58,268.58,249.15625,Low
14729.0,373,1,313.49,313.49,317.76477,Low
14730.0,0,8,2005.06,250.6325,2009.9077,High
14731.0,46,3,380.02,126.67333333333333,379.78293,Medium
14732.0,7,10,2686.34,268.634,2705.8696,High
14733.0,8,15,9451.54,630.1026666666668,9388.323,High
14735.0,3,34,5807.6900000000005,170.8144117647059,5787.9136,High
14737.0,3,3,1164.55,388.18333333333334,1130.3911,Medium
14738.0,38,9,1289.94,143.32666666666668,1313.0437,High
14739.0,1,8,3899.1,487.3875,3935.4211,High
14740.0,190,4,1423.21,355.8025,1431.823,High
14741.0,11,6,1400.34,233.39,1438.2095,High
14744.0,15,9,1088.53,120.94777777777777,1103.0416,Medium
14745.0,112,6,1167.16,194.52666666666667,1186.4883,High
14747.0,247,2,294.3,147.15,297.6991,Low
14748.0,28,6,1311.79,218.63166666666666,1268.2074,High
14752.0,43,1,389.64,389.64,395.92892,Medium
14753.0,86,1,563.15,563.15,576.0465,Medium
14754.0,44,2,638.05,319.025,620.23785,Medium
14755.0,9,12,4965.38,413.7816666666667,4988.9297,High
14756.0,14,1,738.96,738.96,751.5767,Medium
14757.0,74,1,420.5,420.5,424.918,Medium
14758.0,144,4,1484.06,371.015,1482.8049,High
14759.0,4,3,1625.97,541.99,1642.962,High
14760.0,293,2,53.8,26.9,28.294168,Low
14761.0,58,2,255.9,127.95,272.56586,Low
14762.0,263,1,300.52,300.52,302.64874,Low
14764.0,43,2,250.55,125.275,264.96655,Low
14765.0,28,3,254.11,84.70333333333333,257.15863,Low
14766.0,7,8,2423.07,302.88375,2445.9656,High
14768.0,16,3,139.5,46.5,160.3519,Low
14769.0,2,10,10641.6,1064.16,10542.203,High
14770.0,231,2,876.42,438.21,911.25696,Medium
14772.0,111,1,139.26,139.26,142.32027,Low
14775.0,57,3,1011.9,337.3,1006.6916,Medium
14776.0,50,13,2195.58,168.89076923076922,2223.906,High
14777.0,3,2,-17.45,-8.725,-25.174698,Low
14778.0,126,2,730.86,365.43,742.76514,Medium
14779.0,280,3,386.15,128.71666666666667,371.14267,Low
14780.0,54,2,447.68,223.84,431.76978,Medium
14782.0,319,1,200.10000000000002,200.10000000000002,197.40776,Low
14784.0,25,2,289.99,144.995,297.37054,Low
14785.0,9,2,77.4,38.7,66.362755,Low
14788.0,6,2,679.4399999999999,339.71999999999997,662.9063,Medium
14789.0,28,1,197.64,197.64,195.48955,Low
14790.0,16,4,745.06,186.265,755.93115,Medium
14792.0,63,2,0.0,0.0,1.5559508,Low
14793.0,3,2,214.14,107.07,224.95393,Low
14794.0,2,9,1272.11,141.34555555555553,1293.0037,High
14795.0,165,1,131.45000000000002,131.45000000000002,129.31198,Low
14796.0,0,27,7839.51,290.3522222222222,8511.128,High
14798.0,52,3,173.74,57.913333333333334,190.19476,Low
14799.0,50,1,157.7,157.7,152.67905,Low
14800.0,47,16,4236.34,264.77125,4250.695,High
14801.0,60,1,193.14,193.14,188.51758,Low
14803.0,161,3,845.55,281.84999999999997,795.7432,Medium
14804.0,8,1,353.27,353.27,345.59024,Low
14805.0,14,4,554.65,138.6625,581.19775,Medium
14806.0,74,1,193.39000000000001,193.39000000000001,188.20981,Low
14808.0,39,15,2175.37,145.02466666666666,2109.0273,High
14810.0,40,11,2087.88,189.80727272727273,2042.327,High
14813.0,369,2,155.43,77.715,165.92662,Low
14815.0,36,2,778.5,389.25,766.5101,Medium
14816.0,196,1,271.85,271.85,285.46313,Low
14817.0,199,2,1110.34,555.17,1104.8893,Medium
14818.0,73,3,657.8,219.26666666666665,671.87836,Medium
14819.0,63,2,272.07,136.035,272.56586,Low
14820.0,20,4,507.29,126.8225,519.1991,Medium
14821.0,366,1,48.800000000000004,48.800000000000004,36.773613,Low
14823.0,179,3,321.43,107.14333333333333,329.4534,Low
14824.0,9,4,1127.71,281.9275,1119.4509,Medium
14825.0,3,12,2226.91,185.57583333333332,2230.3337,High
14828.0,196,3,2139.76,713.2533333333334,2215.5654,High
14829.0,28,6,644.65,107.44166666666666,643.9118,Medium
14830.0,52,1,197.13,197.13,189.007,Low
14834.0,17,8,1698.35,212.29375,1697.8768,High
14836.0,9,3,102.44999999999999,34.15,107.70182,Low
14837.0,89,5,1641.2,328.24,1604.0586,High
14840.0,267,1,62.85,62.85,58.298904,Low
14841.0,52,6,3295.76,549.2933333333334,3286.9114,High
14842.0,34,8,2456.8,307.1,2514.0737,High
14844.0,63,4,3189.81,797.4525,3297.3928,High
14847.0,148,1,309.4,309.4,314.75323,Low
14849.0,21,28,7904.28,282.29571428571427,7944.9946,High
14850.0,311,2,278.15,139.075,295.70322,Low
14851.0,22,2,511.35,255.675,514.5578,Medium
14852.0,57,6,2836.69,472.7816666666667,2837.859,High
14853.0,8,3,463.05,154.35,457.72928,Medium
14854.0,77,8,2749.89,343.73625,2794.8262,High
14855.0,118,2,645.65,322.825,621.53064,Medium
14856.0,35,3,1311.3799999999999,437.1266666666666,1292.9885,High
14857.0,59,3,1165.65,388.55,1142.144,High
14859.0,12,5,1352.04,270.408,1331.0217,High
14860.0,8,2,168.62,84.31,163.61879,Low
14861.0,51,1,125.79,125.79,121.11524,Low
14862.0,25,2,841.1999999999999,420.59999999999997,858.7631,Medium
14863.0,28,1,266.76,266.76,252.63942,Low
14865.0,6,2,52.2,26.1,14.161878,Low
14866.0,10,13,14197.45,1092.1115384615384,14249.312,High
14867.0,185,4,701.33,175.3325,699.4719,Medium
14868.0,2,9,2939.64,326.62666666666667,2919.0715,High
14869.0,3,3,721.95,240.65,739.6203,Medium
14870.0,261,1,327.25,327.25,336.87988,Low
14871.0,2,4,522.38,130.595,518.56915,Medium
14873.0,209,1,519.68,519.68,519.75134,Medium
14875.0,8,5,1448.72,289.744,1464.4391,High
14878.0,12,9,1485.54,165.06,1514.3276,High
14880.0,76,3,706.19,235.39666666666668,733.295,Medium
14881.0,19,1,255.4,255.4,251.3192,Low
14882.0,26,2,589.7,294.85,603.1439,Medium
14883.0,18,7,756.64,108.09142857142857,837.51,Medium
14885.0,131,1,765.3199999999999,765.3199999999999,783.0077,Medium
14886.0,252,1,364.8,364.8,372.40833,Low
14887.0,78,1,1862.0,1862.0,1792.111,High
14888.0,206,1,369.2,369.2,380.53604,Medium
14889.0,335,1,135.9,135.9,130.66818,Low
14890.0,253,1,125.65,125.65,129.1763,Low
14891.0,147,2,554.38,277.19,565.85156,Medium
14893.0,9,2,1237.8500000000001,618.9250000000001,1257.3303,High
14894.0,84,1,655.75,655.75,657.44684,Medium
14895.0,7,24,11020.26,459.1775,11041.538,High
14896.0,204,2,468.77000000000004,234.38500000000002,495.6443,Medium
14897.0,7,4,1366.38,341.595,1355.5896,High
14898.0,22,8,1228.32,153.54,1346.815,High
14901.0,10,10,1414.99,141.499,1422.8771,High
14902.0,20,2,314.11,157.055,317.703,Low
14903.0,20,10,2744.48,274.448,2772.895,High
14904.0,1,2,1025.44,512.72,1029.9551,Medium
14905.0,153,3,599.9,199.96666666666667,598.5217,Medium
14907.0,2,10,3478.85,347.885,3448.0994,High
14908.0,73,1,277.8,277.8,286.36182,Low
14910.0,2,7,389.86,55.69428571428572,394.0073,Medium
14911.0,0,248,132572.62,534.5670161290323,132568.55,High
14912.0,16,3,841.52,280.50666666666666,797.42694,Medium
14913.0,35,4,1227.43,306.8575,1290.8857,High
14915.0,85,3,258.83,86.27666666666666,253.4939,Low
14916.0,70,5,1264.84,252.968,1288.3898,High
14918.0,115,2,1610.15,805.075,1654.5238,High
14920.0,212,2,977.77,488.885,978.41693,Medium
14921.0,29,2,1316.07,658.035,1302.0212,High
14923.0,50,1,749.1,749.1,778.6235,Medium
14924.0,245,1,310.05,310.05,316.10947,Low
14929.0,31,1,223.88,223.88,236.26566,Low
14930.0,108,3,2372.86,790.9533333333334,2391.2449,High
14931.0,4,6,964.6800000000001,160.78,999.15845,Medium
14932.0,365,1,363.53,363.53,354.16766,Low
14934.0,72,3,1888.84,629.6133333333333,1863.2762,High
14935.0,296,1,1784.71,1784.71,1824.9596,High
14936.0,8,9,8117.42,901.9355555555555,8159.232,High
14937.0,56,4,1617.63,404.4075,1634.5542,High
14944.0,29,14,5842.95,417.3535714285714,5831.9517,High
14946.0,13,1,100.9,100.9,98.98711,Low
14947.0,71,2,290.82,145.41,298.49057,Low
14948.0,22,7,1066.57,152.36714285714285,1053.9122,Medium
14950.0,8,2,361.25,180.625,362.10263,Low
14951.0,78,1,311.69,311.69,315.36758,Low
14952.0,45,15,7912.79,527.5193333333333,8271.087,High
14953.0,24,1,289.82,289.82,288.7734,Low
14954.0,11,1,336.17,336.17,335.25043,Low
14957.0,252,1,58.49,58.49,58.298904,Low
14958.0,146,3,499.68,166.56,479.0918,Medium
14959.0,58,5,684.97,136.994,678.4677,Medium
14960.0,7,2,221.27,110.635,229.85294,Low
14961.0,10,12,7006.58,583.8816666666667,7038.2007,High
14962.0,270,1,126.7,126.7,128.93019,Low
14963.0,9,5,1487.8,297.56,1496.3729,High
14964.0,246,1,206.21,206.21,202.07246,Low
14965.0,95,2,599.0,299.5,598.8166,Medium
14966.0,14,1,191.32,191.32,194.87148,Low
14967.0,49,1,463.8,463.8,468.49094,Medium
14968.0,29,1,147.59,147.59,146.79544,Low
14970.0,67,4,1592.06,398.015,1610.4587,High
14971.0,34,3,1116.57,372.19,1110.8728,Medium
14972.0,127,1,114.77,114.77,118.54014,Low
14973.0,106,3,1314.45,438.15000000000003,1299.5374,High
14974.0,36,1,114.39,114.39,114.15386,Low
14975.0,56,1,279.94,279.94,290.89587,Low
14976.0,56,8,765.86,95.7325,711.33795,Medium
14978.0,71,5,1931.42,386.284,1982.7101,High
14981.0,245,1,102.12,102.12,94.21461,Low
14984.0,18,2,213.27,106.635,208.33409,Low
14985.0,197,2,296.75,148.375,300.79633,Low
14987.0,15,2,326.4,163.2,329.3635,Low
14988.0,211,1,334.54,334.54,340.60568,Low
14995.0,38,2,233.23000000000002,116.61500000000001,233.77875,Low
14997.0,45,4,540.98,135.245,527.81744,Medium
14998.0,169,2,429.87,214.935,425.01013,Medium
15000.0,47,1,490.52,490.52,483.51538,Medium
15002.0,115,4,1641.76,410.44,1643.5535,High
15004.0,146,1,1246.32,1246.32,1228.0364,High
15005.0,15,35,6180.49,176.58542857142857,6200.4673,High
15006.0,50,1,502.09,502.09,497.75137,Medium
15007.0,158,1,156.91,156.91,156.79172,Low
15009.0,11,3,1261.78,420.5933333333333,1243.0864,High
15010.0,35,1,308.94,308.94,321.99564,Low
15012.0,53,2,423.04,211.52,419.11246,Medium
15014.0,42,2,260.17,130.085,270.45,Low
15016.0,172,1,170.04,170.04,170.77881,Low
15017.0,33,1,125.58,125.58,127.75847,Low
15018.0,38,4,456.26,114.065,468.84256,Medium
15019.0,266,1,266.0,266.0,249.15625,Low
15021.0,8,13,1872.28,144.02153846153846,1871.727,High
15022.0,11,4,905.04,226.26,872.3945,Medium
15023.0,2,12,6763.16,563.5966666666667,6192.7783,High
15024.0,9,10,1661.33,166.13299999999998,1667.8397,High
15025.0,32,1,377.01,377.01,385.53217,Medium
15026.0,79,3,469.0,156.33333333333334,459.52734,Medium
15027.0,30,6,1051.95,175.32500000000002,1045.9657,Medium
15028.0,7,4,627.13,156.7825,649.05347,Medium
15030.0,71,2,518.28,259.14,511.1796,Medium
15031.0,3,4,668.14,167.035,666.969,Medium
15032.0,255,5,4464.1,892.82,4519.0986,High
15033.0,4,11,2571.02,233.7290909090909,2540.6792,High
15034.0,15,11,4277.66,388.8781818181818,4270.2104,High
15035.0,89,1,252.73000000000002,252.73000000000002,247.18872,Low
15036.0,71,3,465.55,155.18333333333334,448.84366,Medium
15038.0,42,7,665.59,95.08428571428571,651.7354,Medium
15039.0,9,52,19786.44,380.5084615384615,19799.207,High
15041.0,169,1,180.35,180.35,180.76929,Low
15042.0,198,1,135.93,135.93,130.66818,Low
15043.0,30,1,537.0,537.0,546.24335,Medium
15044.0,18,22,7629.38,346.79,7629.181,High
15045.0,151,3,633.66,211.22,650.73486,Medium
15046.0,8,16,5064.01,316.500625,5116.9297,High
15047.0,269,1,343.62,343.62,348.1216,Low
15048.0,64,5,380.57,76.114,376.61026,Medium
15049.0,273,1,121.17000000000002,121.17000000000002,123.36963,Low
15050.0,24,5,1727.17,345.434,1737.0472,High
15051.0,22,3,1391.61,463.86999999999995,1370.2285,High
15052.0,318,1,215.78,215.78,236.66365,Low
15053.0,4,3,697.79,232.59666666666666,724.70087,Medium
15054.0,11,2,302.1,151.05,301.4283,Low
15057.0,274,2,1489.5,744.75,1479.6617,High
15058.0,24,11,2124.9900000000002,193.18090909090913,2138.479,High
15059.0,40,11,1325.82,120.5290909090909,1305.9762,High
15060.0,7,4,303.09,75.7725,281.2867,Low
15061.0,3,55,54228.74,985.9770909090909,54222.715,High
15062.0,70,4,987.86,246.965,948.05225,Medium
15063.0,212,1,370.79999999999995,370.79999999999995,380.53604,Medium
15065.0,37,6,3135.98,522.6633333333333,3155.7126,High
15066.0,31,2,760.59,380.295,758.11414,Medium
15067.0,77,3,1744.76,581.5866666666667,1756.4175,High
15068.0,45,2,553.36,276.68,563.64954,Medium
15069.0,178,1,1109.53,1109.53,1189.6888,High
15070.0,372,1,106.2,106.2,107.655205,Low
15071.0,93,2,982.07,491.035,976.66864,Medium
15073.0,9,4,612.43,153.1075,641.24976,Medium
15074.0,104,1,748.87,748.87,764.55084,Medium
15075.0,77,1,773.03,773.03,767.77295,Medium
15076.0,172,1,880.85,880.85,880.21924,Medium
15078.0,6,38,9623.35,253.24605263157895,9616.711,High
15079.0,212,5,893.66,178.732,810.0719,Medium
15081.0,21,6,487.35,81.22500000000001,469.05963,Medium
15083.0,256,1,88.2,88.2,91.35106,Low
15087.0,281,1,306.94,306.94,313.06448,Low
15088.0,20,3,1140.27,380.09,1122.8955,Medium
15089.0,9,6,2420.84,403.47333333333336,2347.6726,High
15090.0,307,1,381.32,381.32,385.20154,Medium
15091.0,53,2,476.96,238.48,491.6939,Medium
15092.0,214,2,457.81,228.905,435.72006,Medium
15093.0,17,9,4410.14,490.0155555555556,4400.651,High
15095.0,103,5,1364.7,272.94,1349.1802,High
15096.0,42,1,219.39000000000001,219.39000000000001,222.40488,Low
15097.0,3,1,248.08,248.08,248.3091,Low
15098.0,181,5,649.5,129.9,646.6853,Medium
15099.0,83,1,410.48,410.48,401.63016,Medium
15100.0,329,6,635.1,105.85000000000001,635.7586,Medium
15101.0,8,3,310.03,103.34333333333332,317.84305,Low
15103.0,30,2,703.36,351.68,708.06055,Medium
15104.0,166,3,1002.54,334.18,1010.2693,Medium
15105.0,17,7,2298.93,328.4185714285714,2297.7974,High
15106.0,17,7,1407.73,201.1042857142857,1423.0115,High
15107.0,310,8,247.66,30.9575,285.1444,Low
15108.0,141,5,1291.75,258.35,1282.9021,High
15109.0,240,2,463.75,231.875,495.6443,Medium
15110.0,23,7,970.25,138.60714285714286,968.61255,Medium
15111.0,28,3,1567.48,522.4933333333333,1575.9124,High
15113.0,9,4,3439.41,859.8525,3457.3647,High
15114.0,29,10,2760.56,276.056,2774.903,High
15115.0,17,1,340.11,340.11,342.76636,Low
15116.0,17,4,1352.75,338.1875,1350.3525,High
15117.0,14,6,1550.13,258.355,1641.8055,High
15118.0,133,1,244.8,244.8,235.71571,Low
15119.0,245,1,266.4,266.4,249.15625,Low
15120.0,129,2,343.82,171.91,348.03247,Low
15121.0,49,2,457.72,228.86,431.76978,Medium
15122.0,84,6,1612.13,268.68833333333333,1652.9307,High
15123.0,6,2,2199.31,1099.655,2226.5823,High
15124.0,22,2,184.19,92.095,177.48596,Low
15125.0,24,23,11117.05,483.34999999999997,11101.106,High
15127.0,65,1,406.53,406.53,412.90762,Medium
15128.0,59,8,1419.54,177.4425,1381.8375,High
15129.0,49,11,3447.4,313.40000000000003,3524.0952,High
15130.0,169,1,330.11,330.11,335.52365,Low
15132.0,17,5,977.9300000000001,195.586,1008.9904,Medium
15133.0,127,3,982.42,327.4733333333333,1000.6554,Medium
15134.0,14,8,1387.99,173.49875,1370.3585,High
15135.0,232,2,127.15,63.575,116.79192,Low
15136.0,2,5,1282.45,256.49,1300.4607,High
15139.0,239,2,178.96,89.48,166.1691,Low
15140.0,51,8,2350.0,293.75,2330.809,High
15142.0,45,1,498.74,498.74,497.75137,Medium
15143.0,225,1,259.45,259.45,249.145,Low
15144.0,7,18,6530.04,362.78,6571.231,High
15145.0,3,4,1194.73,298.6825,1206.471,High
15146.0,164,3,1313.66,437.8866666666667,1299.9294,High
15147.0,218,2,608.65,304.325,610.98065,Medium
15148.0,10,1,301.29,301.29,294.4749,Low
15149.0,133,1,520.8000000000001,520.8000000000001,521.4319,Medium
15150.0,16,11,5303.97,482.1790909090909,5378.576,High
15152.0,9,16,4684.24,292.765,4509.1704,High
15153.0,30,1,329.25,329.25,337.70123,Low
15154.0,73,2,240.27,120.135,231.0533,Low
15156.0,0,3,961.49,320.49666666666667,950.5079,Medium
15157.0,3,5,1869.5,373.9,1829.4531,High
15158.0,44,1,401.40000000000003,401.40000000000003,412.88882,Medium
15159.0,1,34,18573.68,546.2847058823529,18603.562,High
15160.0,356,1,158.16,158.16,158.14795,Low
15163.0,17,2,304.47,152.235,307.6116,Low
15164.0,68,3,843.05,281.01666666666665,797.66895,Medium
15165.0,372,1,487.75,487.75,494.61075,Medium
15167.0,320,1,163.0,163.0,169.58276,Low
15168.0,25,1,106.56,106.56,97.545746,Low
15171.0,324,2,1034.5,517.25,1026.5732,Medium
15172.0,8,5,1624.05,324.81,1593.548,High
15174.0,322,1,135.75,135.75,130.66818,Low
15175.0,71,1,224.14,224.14,229.02441,Low
15178.0,259,1,40.5,40.5,35.050957,Low
15179.0,17,7,2186.2,312.3142857142857,2192.771,High
15180.0,366,1,87.5,87.5,73.00546,Low
15181.0,65,5,680.28,136.05599999999998,678.7876,Medium
15182.0,153,2,622.85,311.425,612.27734,Medium
15184.0,28,2,406.76,203.38,395.01782,Medium
15185.0,69,1,310.62,310.62,315.67535,Low
15186.0,13,2,411.41,205.705,396.4592,Medium
15187.0,1,18,4670.08,259.44888888888886,4680.8433,High
15189.0,0,53,15802.14,298.15358490566035,12399.444,High
15192.0,119,3,1044.32,348.1066666666666,1062.0508,Medium
15193.0,60,1,499.32,499.32,497.75137,Medium
15194.0,2,22,7521.17,341.87136363636364,7521.1704,High
15195.0,2,1,3861.0,3861.0,3735.6675,High
15197.0,8,5,656.44,131.288,675.2292,Medium
15198.0,91,2,193.64,96.82,210.12723,Low
15199.0,58,4,1268.7,317.175,1298.6951,High
15201.0,78,11,927.84,84.34909090909092,950.06976,Medium
15203.0,25,6,1827.8,304.6333333333333,1783.3423,High
15204.0,356,1,316.58,316.58,317.27158,Low
15205.0,84,3,648.8299999999999,216.27666666666664,669.74225,Medium
15206.0,9,4,420.29999999999995,105.07499999999999,427.0843,Medium
15208.0,0,6,867.62,144.60333333333332,793.8647,Medium
15210.0,224,1,331.18,331.18,336.87988,Low
15211.0,59,2,894.4100000000001,447.20500000000004,907.10223,Medium
15212.0,238,2,88.94999999999999,44.474999999999994,101.51044,Low
15213.0,318,3,325.05,108.35000000000001,322.1179,Low
15214.0,1,8,1661.44,207.68,1675.3185,High
15215.0,44,6,615.99,102.665,616.918,Medium
15216.0,87,1,96.6,96.6,90.27285,Low
15218.0,10,11,5756.89,523.3536363636364,5763.9854,High
15219.0,175,1,305.75,305.75,311.70825,Low
15220.0,51,7,1758.92,251.27428571428572,1762.6887,High
15221.0,365,2,114.1,57.05,115.31411,Low
15222.0,318,1,585.0,585.0,588.64105,Medium
15223.0,225,3,454.90000000000003,151.63333333333335,458.21127,Medium
15224.0,357,3,310.48,103.49333333333334,305.12265,Low
15225.0,233,1,409.40000000000003,409.40000000000003,405.45773,Medium
15226.0,310,1,154.41,154.41,158.14795,Low
15227.0,36,5,1219.4,243.88000000000002,1172.8782,High
15228.0,65,5,3376.96,675.392,3392.781,High
15230.0,238,2,429.6,214.8,426.36636,Medium
15232.0,112,2,612.06,306.03,609.23236,Medium
15234.0,276,1,197.0,197.0,190.19891,Low
15235.0,217,12,2247.51,187.29250000000002,2255.111,High
15236.0,298,1,321.05,321.05,318.0714,Low
15237.0,1,4,1412.32,353.08,1405.2625,High
15238.0,28,5,1056.54,211.308,1046.2185,Medium
15239.0,9,3,764.34,254.78,762.20526,Medium
15240.0,44,7,1685.57,240.79571428571427,1675.9049,High
15241.0,66,9,1738.59,193.17666666666665,1747.834,High
15243.0,73,1,316.68,316.68,315.67535,Low
15244.0,64,2,631.57,315.785,618.70624,Medium
15245.0,133,3,2515.84,838.6133333333333,2498.3176,High
15246.0,237,2,514.15,257.075,515.12994,Medium
15247.0,121,1,356.0,356.0,351.72968,Low
15249.0,31,15,6657.36,443.82399999999996,6715.2886,High
15251.0,8,15,10327.11,688.474,10404.517,High
15252.0,35,2,740.78,370.39,754.6253,Medium
15253.0,15,6,915.3,152.54999999999998,885.3702,Medium
15254.0,126,1,300.36,300.36,301.2925,Low
15255.0,66,1,890.85,890.85,886.1454,Medium
15256.0,148,1,98.45,98.45,98.55271,Low
15257.0,280,2,232.14999999999998,116.07499999999999,231.2076,Low
15258.0,168,2,623.16,311.58,612.6694,Medium
15260.0,99,8,1780.77,222.59625,1820.3591,High
15261.0,134,1,254.82,254.82,248.26228,Low
15262.0,323,1,178.95000000000002,178.95000000000002,179.43187,Low
15263.0,106,1,156.51,156.51,156.79172,Low
15264.0,63,1,393.74,393.74,393.78384,Medium
15265.0,150,2,1506.1200000000001,753.0600000000001,1488.0264,High
15266.0,337,1,119.3,119.3,123.36963,Low
15267.0,21,5,1717.36,343.472,1749.9929,High
15269.0,23,1,408.8,408.8,410.79907,Medium
15270.0,15,9,2298.2,255.35555555555553,2302.6414,High
15271.0,6,16,2485.82,155.36375,2402.2798,High
15272.0,56,2,721.94,360.97,729.5082,Medium
15274.0,3,2,716.57,358.285,708.8356,Medium
15275.0,30,2,609.19,304.595,618.6831,Medium
15276.0,65,1,135.31,135.31,122.60712,Low
15277.0,46,1,255.89999999999998,255.89999999999998,246.06027,Low
15279.0,354,2,277.40999999999997,138.70499999999998,295.70322,Low
15280.0,171,1,113.12,113.12,119.26397,Low
15281.0,58,12,2239.9500000000003,186.66250000000002,2247.561,High
15286.0,49,1,240.55,240.55,231.44974,Low
15287.0,21,3,485.24,161.74666666666667,470.4723,Medium
15288.0,42,5,2306.52,461.304,2386.087,High
15289.0,28,4,935.1,233.775,923.1502,Medium
15290.0,4,21,7803.7699999999995,371.6080952380952,7743.0747,High
15291.0,25,20,4596.51,229.8255,4536.1353,High
15292.0,200,1,180.94,180.94,183.74832,Low
15296.0,43,10,3610.31,361.031,3545.927,High
15297.0,9,4,635.04,158.76,649.3466,Medium
15298.0,1,14,3774.1,269.5785714285714,3811.5525,High
15299.0,66,11,3787.09,344.2809090909091,4080.1213,High
15300.0,63,1,496.44,496.44,492.4447,Medium
15301.0,50,14,5028.12,359.15142857142854,5038.3115,High
15303.0,289,1,574.02,574.02,574.36597,Medium
15304.0,60,10,680.3,68.03,692.73486,Medium
15306.0,63,3,1174.35,391.45,1139.999,High
15307.0,95,1,205.3,205.3,200.71625,Low
15308.0,270,2,302.27,151.135,302.46185,Low
15311.0,0,118,59419.340000000004,503.55372881355936,59422.684,High
15312.0,74,5,921.1,184.22,952.1647,Medium
15313.0,109,1,52.0,52.0,48.35016,Low
15314.0,198,1,327.97,327.97,336.87988,Low
15315.0,63,3,551.54,183.84666666666666,558.7444,Medium
15316.0,326,1,165.0,165.0,169.58276,Low
15318.0,3,1,312.62,312.62,317.45148,Low
15319.0,283,1,204.5,204.5,202.07246,Low
15320.0,43,1,267.13,267.13,245.59802,Low
15321.0,48,4,2650.73,662.6825,2702.9463,High
15322.0,63,2,602.97,301.485,582.26465,Medium
15325.0,103,1,162.29,162.29,168.22655,Low
15326.0,333,1,311.71,311.71,316.10947,Low
15327.0,52,1,208.75,208.75,226.70073,Low
15329.0,34,5,1005.5,201.1,1012.2139,Medium
15330.0,31,2,714.96,357.48,720.6046,Medium
15332.0,365,4,1661.06,415.265,1679.4897,High
15333.0,207,1,1028.56,1028.56,1022.50525,Medium
15334.0,156,3,351.67,117.22333333333334,334.22272,Low
15335.0,53,1,173.97,173.97,170.59387,Low
15339.0,65,3,557.57,185.85666666666668,558.7444,Medium
15341.0,80,1,2020.52,2020.52,1977.3792,High
15342.0,115,2,391.76,195.88,370.04565,Low
15343.0,86,1,364.5,364.5,374.08896,Medium
15344.0,0,5,476.58,95.316,485.9769,Medium
15345.0,34,2,367.69,183.845,364.1425,Low
15346.0,332,1,252.42000000000002,252.42000000000002,250.06438,Low
15347.0,365,1,201.60000000000002,201.60000000000002,195.99391,Low
15348.0,71,1,158.04,158.04,152.67905,Low
15349.0,157,2,473.81,236.905,494.28802,Medium
15350.0,372,1,115.65,115.65,132.65492,Low
15351.0,11,10,1862.14,186.214,1855.0801,High
15353.0,254,2,777.02,388.51,766.68933,Medium
15355.0,28,2,277.05,138.525,293.2283,Low
15356.0,30,10,2766.5,276.65,2794.5264,High
15358.0,4,29,8234.8,283.95862068965516,8238.05,High
15360.0,39,1,427.93,427.93,420.4254,Medium
15361.0,361,1,418.92,418.92,418.143,Medium
15363.0,240,2,318.05,159.025,319.35425,Low
15364.0,95,2,913.19,456.595,920.94214,Medium
15365.0,25,9,1330.45,147.82777777777778,1369.3605,High
15366.0,74,2,602.51,301.255,586.20776,Medium
15367.0,56,5,1867.69,373.538,1831.8861,High
15368.0,20,1,446.94000000000005,446.94000000000005,445.08734,Medium
15369.0,143,1,-1592.49,-1592.49,-2132.7307,Low
15370.0,40,8,2360.55,295.06875,2336.3154,High
15372.0,136,1,2007.3999999999999,2007.3999999999999,1993.6659,High
15373.0,7,13,2213.11,170.23923076923077,2287.535,High
15374.0,128,1,168.0,168.0,169.29822,Low
15376.0,39,3,1233.3600000000001,411.12000000000006,1218.0964,High
15379.0,168,8,3631.8900000000003,453.98625000000004,3577.2957,High
15380.0,8,6,1682.3600000000001,280.3933333333334,1698.4703,High
15381.0,213,2,596.85,298.425,600.5649,Medium
15382.0,14,8,5927.86,740.9825,6358.8145,High
15384.0,169,3,635.76,211.92,651.1269,Medium
15385.0,39,1,316.88,316.88,321.40643,Low
15386.0,185,1,394.14,394.14,395.5584,Medium
15388.0,269,1,140.54,140.54,144.93736,Low
15389.0,171,1,500.0,500.0,507.17316,Medium
15392.0,4,5,1515.73,303.146,1492.884,High
15393.0,15,2,231.86,115.93,228.74025,Low
15394.0,9,4,2183.54,545.885,2209.12,High
15395.0,325,1,107.45,107.45,114.20453,Low
15396.0,112,1,288.18,288.18,289.77444,Low
15397.0,289,1,94.0,94.0,95.092865,Low
15398.0,15,3,1339.63,446.54333333333335,1313.605,High
15399.0,0,3,815.77,271.92333333333335,768.2705,Medium
15400.0,91,6,666.7,111.11666666666667,667.4265,Medium
15402.0,148,2,626.77,313.385,612.27734,Medium
15405.0,188,1,349.1,349.1,348.49527,Low
15406.0,17,4,426.61,106.6525,427.0843,Medium
15407.0,33,4,1056.44,264.11,1101.0696,Medium
15408.0,263,1,267.18,267.18,249.15625,Low
15410.0,83,8,3450.84,431.355,3440.9116,High
15411.0,25,5,1346.38,269.276,1332.8042,High
15412.0,170,1,190.53,190.53,186.78326,Low
15414.0,9,3,774.9000000000001,258.3,764.0267,Medium
15415.0,312,1,572.8100000000001,572.8100000000001,574.36597,Medium
15416.0,64,5,3974.37,794.874,3858.3755,High
15417.0,84,1,508.8,508.8,513.8122,Medium
15419.0,24,1,135.86,135.86,129.52737,Low
15421.0,58,4,950.36,237.59,899.93915,Medium
15422.0,322,2,97.7,48.85,101.51044,Low
15423.0,37,1,43.5,43.5,45.863583,Low
15424.0,253,2,383.34,191.67,371.3045,Low
15426.0,18,7,1429.9,204.27142857142857,1439.8159,High
15427.0,32,3,1483.14,494.38000000000005,1465.6418,High
15428.0,14,1,93.78,93.78,88.47398,Low
15429.0,26,3,364.90000000000003,121.63333333333334,342.98297,Low
15432.0,22,1,171.19,171.19,172.56871,Low
15433.0,78,3,417.87,139.29,421.32404,Medium
15434.0,7,6,997.48,166.24666666666667,1024.4672,Medium
15435.0,21,1,149.29,149.29,148.75131,Low
15436.0,11,3,1122.53,374.1766666666667,1123.1211,Medium
15437.0,261,1,200.16,200.16,197.40776,Low
15438.0,130,1,156.57999999999998,156.57999999999998,156.79172,Low
15440.0,54,3,383.68,127.89333333333333,379.78293,Medium
15442.0,248,1,594.0,594.0,569.9758,Medium
15443.0,1,8,3212.16,401.52,3156.0593,High
15444.0,8,2,1418.26,709.13,1411.8981,High
15445.0,263,1,113.5,113.5,114.925865,Low
15447.0,330,1,155.17,155.17,158.14795,Low
15448.0,312,1,494.64,494.64,498.18567,Medium
15449.0,25,5,971.22,194.244,1007.5491,Medium
15450.0,29,1,429.84,429.84,421.9167,Medium
15452.0,29,3,538.73,179.57666666666668,516.0667,Medium
15453.0,1,7,1388.37,198.3385714285714,1424.062,High
15454.0,361,1,179.1,179.1,178.01802,Low
15456.0,282,3,447.22,149.07333333333335,438.83813,Medium
15457.0,261,1,237.07,237.07,231.77203,Low
15458.0,24,1,161.64,161.64,166.69485,Low
15460.0,353,1,216.76,216.76,232.38206,Low
15462.0,93,3,234.6,78.2,240.48055,Low
15463.0,28,1,126.14,126.14,124.81434,Low
15464.0,337,1,1048.85,1048.85,1036.7151,Medium
15465.0,19,24,6945.0199999999995,289.37583333333333,6673.892,High
15466.0,84,1,334.53,334.53,342.28632,Low
15467.0,8,4,511.88,127.97,519.42474,Medium
15468.0,34,5,438.46,87.692,465.73438,Medium
15469.0,42,4,504.5,126.125,510.53906,Medium
15471.0,1,1,469.48,469.48,481.8314,Medium
15472.0,112,1,371.56,371.56,383.49713,Medium
15473.0,13,10,1465.2,146.52,1479.0674,High
15475.0,76,1,454.10999999999996,454.10999999999996,455.25113,Medium
15478.0,39,2,1441.42,720.71,1412.2135,High
15480.0,115,1,905.5,905.5,898.6537,Medium
15482.0,15,16,6568.72,410.545,6588.6406,High
15483.0,160,4,233.81,58.4525,229.15385,Low
15484.0,0,5,3563.11,712.6220000000001,3574.647,High
15485.0,29,3,2575.0,858.3333333333334,2589.6462,High
15488.0,92,1,91.32000000000001,91.32000000000001,87.582825,Low
15489.0,22,4,1090.03,272.5075,1116.7097,Medium
15491.0,94,7,3090.85,441.55,3118.731,High
15492.0,27,2,659.4599999999999,329.72999999999996,653.39453,Medium
15493.0,32,7,1967.25,281.0357142857143,2002.4926,High
15494.0,20,2,1299.23,649.615,1300.2078,High
15497.0,17,3,1259.7,419.90000000000003,1243.0864,High
15498.0,0,35,12396.46,354.1845714285714,12224.582,High
15500.0,7,4,1131.56,282.89,1119.158,Medium
15502.0,15,23,5541.46,240.93304347826088,5021.6104,High
15503.0,362,1,147.09,147.09,149.30675,Low
15504.0,80,1,52.83,52.83,54.27819,Low
15505.0,52,7,3497.14,499.59142857142854,3479.3005,High
15506.0,22,3,979.26,326.42,995.70514,Medium
15507.0,171,1,492.36,492.36,496.82944,Medium
15508.0,188,6,1000.27,166.71166666666667,1019.06,Medium
15510.0,330,1,250.0,250.0,250.06438,Low
15511.0,11,5,909.23,181.846,889.26117,Medium
15512.0,155,2,121.0,60.5,117.33152,Low
15513.0,30,22,14520.08,660.0036363636364,14471.586,High
15514.0,11,13,2963.19,227.93769230769232,3007.91,High
15516.0,44,3,62.43,20.81,65.538925,Low
15517.0,232,1,267.03,267.03,249.15625,Low
15518.0,63,13,1911.89,147.06846153846155,1909.1727,High
15520.0,1,1,343.5,343.5,339.38327,Low
15521.0,35,13,2574.65,198.05,2608.989,High
15522.0,32,2,398.84,199.42,391.11182,Medium
15523.0,83,1,412.01000000000005,412.01000000000005,401.63016,Medium
15524.0,24,1,440.0,440.0,443.11716,Medium
15525.0,1,4,811.02,202.755,823.1623,Medium
15526.0,32,2,148.44,74.22,161.19624,Low
15527.0,18,10,2348.82,234.882,2413.364,High
15528.0,253,1,229.33,229.33,232.58264,Low
15529.0,22,12,3967.78,330.64833333333337,3960.5547,High
15530.0,21,4,1502.35,375.5875,1482.7588,High
15531.0,7,2,2007.44,1003.72,2009.6283,High
15532.0,24,6,1517.08,252.84666666666666,1606.5986,High
15533.0,18,5,746.92,149.384,750.81116,Medium
15535.0,172,7,459.9,65.7,487.30057,Medium
15537.0,162,1,110.92,110.92,118.54263,Low
15539.0,6,1,538.46,538.46,548.5645,Medium
15540.0,10,1,213.3,213.3,231.95967,Low
15541.0,113,1,85.13000000000001,85.13000000000001,83.84102,Low
15543.0,287,1,127.86,127.86,128.93019,Low
15544.0,8,11,3542.51,322.04636363636365,3721.1018,High
15545.0,53,2,292.71999999999997,146.35999999999999,294.25485,Low
15547.0,6,14,4954.84,353.9171428571429,4940.968,High
15549.0,76,4,1655.76,413.94,1657.5369,High
15550.0,3,4,575.63,143.9075,585.44214,Medium
15551.0,36,1,436.06,436.06,443.44943,Medium
15552.0,216,1,90.12,90.12,95.092865,Low
15553.0,59,1,437.23,437.23,442.99994,Medium
15554.0,277,1,217.2,217.2,232.38206,Low
15555.0,11,20,4758.2,237.91,4756.168,High
15556.0,23,1,279.77,279.77,293.40323,Low
15557.0,28,1,473.65000000000003,473.65000000000003,480.16016,Medium
15561.0,11,5,722.74,144.548,704.44666,Medium
15562.0,351,1,134.55,134.55,130.66818,Low
15563.0,8,7,1319.69,188.52714285714288,1349.1194,High
15565.0,49,2,173.16,86.58,164.8158,Low
15567.0,18,1,186.01,186.01,184.24405,Low
15568.0,2,3,758.29,252.76333333333332,764.43176,Medium
15569.0,103,5,1375.71,275.142,1349.1802,High
15570.0,6,13,4109.97,316.1515384615385,4070.3472,High
15571.0,11,4,650.4300000000001,162.60750000000002,651.1573,Medium
15572.0,4,7,2552.86,364.69428571428574,2602.8232,High
15573.0,31,2,607.45,303.725,595.0442,Medium
15574.0,177,4,702.25,175.5625,699.4719,Medium
15576.0,37,1,940.6700000000001,940.6700000000001,944.60144,Medium
15577.0,150,3,258.88,86.29333333333334,252.81189,Low
15578.0,161,1,127.1,127.1,127.574005,Low
15579.0,68,2,348.6,174.3,350.70377,Low
15581.0,120,14,3429.9700000000003,244.99785714285716,3463.036,High
15582.0,24,3,682.9100000000001,227.63666666666668,681.1229,Medium
15584.0,23,5,722.61,144.522,703.0053,Medium
15585.0,176,1,455.3,455.3,452.69382,Medium
15587.0,49,4,913.6800000000001,228.42000000000002,863.5089,Medium
15589.0,252,4,456.58,114.145,471.9286,Medium
15590.0,288,1,-30.19,-30.19,-30.7956,Low
15592.0,46,1,388.58,388.58,395.92892,Medium
15593.0,70,1,199.8,199.8,196.21585,Low
15594.0,15,6,1767.53,294.5883333333333,1801.4928,High
15596.0,100,9,1343.34,149.26,1371.4316,High
15597.0,29,2,315.71999999999997,157.85999999999999,316.48727,Low
15598.0,34,3,235.68,78.56,246.14738,Low
15599.0,26,2,761.74,380.87,756.79504,Medium
15601.0,10,17,6745.36,396.78588235294114,5684.23,High
15602.0,7,15,1083.63,72.242,1001.7524,Medium
15603.0,78,1,48.480000000000004,48.480000000000004,49.15442,Low
15604.0,51,1,216.39,216.39,224.00467,Low
15605.0,35,5,1198.23,239.64600000000002,1132.01,Medium
15606.0,56,11,2422.64,220.23999999999998,2434.371,High
15607.0,336,1,104.76,104.76,94.21461,Low
15608.0,27,4,1093.68,273.42,1118.5513,Medium
15609.0,182,2,270.03000000000003,135.01500000000001,273.97186,Low
15610.0,51,1,112.46000000000001,112.46000000000001,111.83776,Low
15611.0,9,15,1568.39,104.55933333333334,1599.4736,High
15612.0,35,2,195.15,97.575,210.95625,Low
15615.0,9,27,10360.04,383.7051851851852,10344.194,High
15618.0,32,5,747.031,149.40619999999998,748.5812,Medium
15619.0,10,1,336.40000000000003,336.40000000000003,335.25043,Low
15620.0,49,6,1524.4,254.0666666666667,1607.3204,High
15621.0,3,6,1158.77,193.12833333333333,1186.8,High
15622.0,2,16,3224.53,201.533125,3305.816,High
15623.0,140,1,301.03,301.03,301.2925,Low
15624.0,116,4,588.13,147.0325,606.1178,Medium
15625.0,99,8,1504.56,188.07,1506.0983,High
15626.0,74,2,675.8,337.9,666.8999,Medium
15628.0,4,10,2865.64,286.56399999999996,2867.2998,High
15630.0,44,3,1180.4,393.4666666666667,1144.4746,High
15632.0,15,10,3147.31,314.731,3139.7856,High
15634.0,16,1,243.55,243.55,238.77263,Low
15636.0,89,2,724.76,362.38,725.93835,Medium
15637.0,52,1,223.36,223.36,229.02441,Low
15638.0,300,1,-94.0,-94.0,-1050.6003,Low
15639.0,133,1,425.32,425.32,419.4565,Medium
15640.0,3,17,12433.34,731.3729411764706,12445.561,High
15641.0,104,4,1887.2,471.8,1827.9836,High
15643.0,178,6,647.4,107.89999999999999,643.1851,Medium
15644.0,165,4,813.0,203.25,821.5572,Medium
15645.0,18,1,612.01,612.01,596.1564,Medium
15646.0,157,4,425.14000000000004,106.28500000000001,415.44882,Medium
15648.0,203,4,599.9,149.975,619.5722,Medium
15649.0,335,2,816.0,408.0,805.77844,Medium
15651.0,36,3,646.3,215.4333333333333,667.19446,Medium
15652.0,90,1,337.74,337.74,342.28632,Low
15653.0,92,2,877.4399999999999,438.71999999999997,909.50867,Medium
15654.0,8,2,922.53,461.265,927.05804,Medium
15655.0,232,2,511.32,255.66,513.3084,Medium
15656.0,44,4,748.5,187.125,751.0644,Medium
15657.0,22,1,30.0,30.0,16.319017,Low
15658.0,189,8,958.9,119.8625,929.9807,Medium
15659.0,43,1,306.45,306.45,312.8549,Low
15660.0,24,12,1552.01,129.33416666666668,1558.7943,High
15661.0,316,2,309.8,154.9,315.91208,Low
15663.0,105,1,138.14,138.14,142.32027,Low
15664.0,50,2,358.63,179.315,350.70377,Low
15665.0,167,2,2242.01,1121.005,2255.8093,High
15667.0,39,1,301.32,301.32,294.72253,Low
15668.0,217,1,76.32000000000001,76.32000000000001,85.237045,Low
15669.0,39,5,677.69,135.538,680.7574,Medium
15670.0,296,1,173.05,173.05,176.51236,Low
15671.0,18,10,2635.4900000000002,263.54900000000004,2699.4006,High
15673.0,87,4,2881.02,720.255,2773.6445,High
15674.0,72,8,1744.02,218.0025,1737.4465,High
15675.0,80,3,323.69,107.89666666666666,332.57748,Low
15676.0,8,5,3324.09,664.818,3323.92,High
15677.0,48,1,657.23,657.23,653.71185,Medium
15678.0,52,1,352.7,352.7,352.29016,Low
15679.0,23,4,781.28,195.32,791.0653,Medium
15680.0,8,3,1333.68,444.56,1313.605,High
15681.0,17,6,946.36,157.72666666666666,989.50555,Medium
15683.0,116,1,193.75,193.75,188.35327,Low
15687.0,8,11,2981.5,271.04545454545456,2951.368,High
15689.0,119,2,254.1,127.05,274.65387,Low
15690.0,3,2,239.76,119.88,225.91689,Low
15691.0,251,1,136.8,136.8,143.6765,Low
15692.0,27,1,191.04,191.04,193.43011,Low
15694.0,0,15,6423.6,428.24,6438.557,High
15695.0,266,2,409.98,204.99,384.82043,Medium
15696.0,32,12,2644.46,220.37166666666667,2670.864,High
15699.0,17,1,309.65,309.65,321.1588,Low
15700.0,171,3,664.03,221.34333333333333,662.8003,Medium
15701.0,1,4,1542.14,385.535,1587.9121,High
15703.0,264,1,211.5,211.5,235.0781,Low
15704.0,139,4,2293.62,573.405,2235.533,High
15705.0,200,1,143.1,143.1,146.13382,Low
15706.0,59,7,1001.8100000000001,143.1157142857143,976.7336,Medium
15707.0,34,4,945.58,236.395,920.73883,Medium
15708.0,40,11,3329.7200000000003,302.7018181818182,3356.3872,High
15709.0,283,1,133.25,133.25,130.66818,Low
15712.0,8,5,1072.3600000000001,214.47200000000004,1053.28,Medium
15713.0,142,3,346.75,115.58333333333333,332.29678,Low
15714.0,11,2,330.88,165.44,346.85336,Low
15716.0,145,4,1118.81,279.7025,1114.6931,Medium
15717.0,233,1,150.3,150.3,150.25696,Low
15719.0,32,14,5043.96,360.28285714285715,5082.0127,High
15720.0,23,1,598.73,598.73,601.089,Medium
15721.0,11,1,507.08,507.08,500.34152,Medium
15722.0,35,6,2181.21,363.535,2051.1853,High
15723.0,364,1,203.1,203.1,200.65862,Low
15724.0,200,3,212.3,70.76666666666667,199.66826,Low
15725.0,14,1,415.25,415.25,421.38855,Medium
15727.0,16,7,5178.96,739.8514285714285,5049.989,High
15728.0,48,1,-134.8,-134.8,-147.56853,Low
15729.0,197,2,62.0,31.0,65.05887,Low
15730.0,65,4,1108.38,277.095,1117.0107,Medium
15732.0,211,2,294.12,147.06,297.6991,Low
15733.0,282,1,162.3,162.3,169.58276,Low
15734.0,114,2,1339.45,669.725,1339.6108,High
15737.0,14,12,1121.21,93.43416666666667,1149.0717,High
15738.0,18,19,4788.77,252.0405263157895,4774.91,High
15739.0,65,1,449.12,449.12,444.12537,Medium
15740.0,48,1,154.88,154.88,152.67905,Low
15743.0,15,4,784.46,196.115,792.50665,Medium
15744.0,77,1,34.8,34.8,31.623398,Low
15745.0,8,6,1071.24,178.54,1048.1958,Medium
15746.0,133,2,182.96,91.48,173.6853,Low
15747.0,12,3,974.04,324.68,995.7643,Medium
15748.0,39,1,149.31,149.31,148.33243,Low
15749.0,234,4,21535.9,5383.975,9036.419,High
15750.0,2,9,2451.23,272.3588888888889,2467.2449,High
15752.0,39,8,2628.93,328.61625,2660.768,High
15753.0,304,1,79.2,79.2,75.94477,Low
15754.0,50,4,455.67,113.9175,464.00125,Medium
15755.0,0,8,2318.88,289.86,2185.8933,High
15756.0,60,4,532.96,133.24,527.81744,Medium
15757.0,65,2,714.42,357.21,718.00903,Medium
15758.0,24,1,205.25,205.25,207.3631,Low
15759.0,217,3,253.04,84.34666666666666,242.0794,Low
15762.0,64,2,583.75,291.875,561.4724,Medium
15763.0,31,3,1048.67,349.5566666666667,1054.7432,Medium
15764.0,80,10,3245.47,324.54699999999997,3259.1042,High
15766.0,63,1,315.06,315.06,311.42438,Low
15768.0,115,4,581.8299999999999,145.45749999999998,577.4733,Medium
15769.0,6,29,51823.72,1787.024827586207,51842.035,High
15773.0,5,1,635.6800000000001,635.6800000000001,609.6953,Medium
15774.0,68,1,270.8,270.8,283.26114,Low
15775.0,244,1,104.9,104.9,94.21461,Low
15776.0,132,1,241.62,241.62,235.71571,Low
15777.0,240,5,1021.61,204.322,1030.1654,Medium
15780.0,183,3,475.28000000000003,158.42666666666668,457.47733,Medium
15781.0,24,4,333.56,83.39,364.22968,Low
15782.0,9,4,2593.94,648.485,2600.896,High
15783.0,10,1,246.3,246.3,238.77263,Low
15785.0,29,8,2303.75,287.96875,2267.8115,High
15786.0,43,5,4834.2,966.8399999999999,4827.8257,High
15787.0,25,3,948.05,316.01666666666665,955.1502,Medium
15789.0,357,1,351.3,351.3,348.43762,Low
15790.0,9,1,220.85,220.85,227.66385,Low
15791.0,43,3,1604.44,534.8133333333334,1674.4573,High
15793.0,8,4,948.96,237.24,903.5353,Medium
15795.0,149,1,610.01,610.01,606.885,Medium
15796.0,0,10,2666.61,266.661,2565.7412,High
15797.0,112,4,2207.4,551.85,2214.9841,High
15799.0,75,3,884.14,294.7133333333333,917.131,Medium
15800.0,106,2,699.08,349.54,708.61285,Medium
15801.0,45,4,1042.19,260.5475,1064.3638,Medium
15802.0,142,3,-451.42,-150.47333333333333,-471.99832,Low
15803.0,50,1,415.82000000000005,415.82000000000005,420.4254,Medium
15804.0,0,19,3848.55,202.55526315789476,3821.833,High
15805.0,22,20,5452.17,272.6085,5480.1265,High
15806.0,45,3,784.58,261.5266666666667,768.9162,Medium
15807.0,49,3,903.9,301.3,904.16144,Medium
15808.0,305,5,3724.77,744.954,3701.919,High
15809.0,35,6,399.21,66.535,398.70328,Medium
15810.0,78,7,1145.43,163.63285714285715,1151.8458,High
15811.0,16,9,2171.32,241.2577777777778,2217.2322,High
15812.0,106,5,1801.14,360.228,1782.834,High
15813.0,207,2,1303.9099999999999,651.9549999999999,1305.1292,High
15814.0,2,6,1842.73,307.12166666666667,1813.6057,High
15815.0,63,5,2100.6,420.12,2126.7166,High
15819.0,48,4,1905.45,476.3625,1845.5522,High
15820.0,319,1,206.98,206.98,202.07246,Low
15821.0,43,2,570.96,285.48,563.5886,Medium
15822.0,2,2,885.47,442.735,911.3991,Medium
15823.0,336,2,-840.76,-420.38,-1038.1284,Low
15825.0,171,1,532.94,532.94,543.5185,Medium
15826.0,50,4,1649.3600000000001,412.34000000000003,1640.729,High
15827.0,72,20,1641.48,82.074,1640.2207,High
15829.0,98,2,636.14,318.07,620.2236,Medium
15830.0,28,2,547.7,273.85,567.5902,Medium
15831.0,57,4,747.76,186.94,751.0644,Medium
15832.0,253,1,836.79,836.79,843.8682,Medium
15834.0,69,6,2084.9,347.48333333333335,2076.197,High
15835.0,43,4,954.09,238.5225,912.4822,Medium
15836.0,44,2,117.47,58.735,111.78412,Low
15837.0,64,1,391.98,391.98,398.03482,Medium
15838.0,10,21,33350.76,1588.1314285714286,33352.5,High
15839.0,24,5,1020.74,204.148,1034.9722,Medium
15840.0,58,3,345.66,115.22000000000001,335.04663,Low
15841.0,63,6,1209.1,201.51666666666665,1232.247,High
15843.0,303,1,118.95000000000002,118.95000000000002,123.36963,Low
15844.0,45,1,130.73999999999998,130.73999999999998,122.60712,Low
15845.0,17,10,3650.87,365.087,3589.513,High
15847.0,37,2,389.27,194.635,375.72107,Medium
15850.0,18,2,238.85,119.425,231.34818,Low
15852.0,186,2,160.71,80.355,157.2571,Low
15853.0,51,1,110.8,110.8,111.83776,Low
15854.0,3,12,2974.65,247.88750000000002,2969.5173,High
15855.0,136,5,712.24,142.448,675.8785,Medium
15856.0,3,31,16173.67,521.7312903225807,16157.023,High
15857.0,18,1,297.0,297.0,294.4749,Low
15858.0,15,5,1438.85,287.77,1464.4391,High
15860.0,40,8,977.21,122.15125,935.7399,Medium
15861.0,11,9,3000.36,333.37333333333333,2926.783,High
15862.0,7,4,832.88,208.22,827.3763,Medium
15863.0,25,2,68.84,34.42,53.806335,Low
15864.0,21,8,1769.7800000000002,221.22250000000003,1794.55,High
15865.0,40,3,895.13,298.37666666666667,909.66797,Medium
15866.0,100,1,230.53,230.53,231.22643,Low
15867.0,4,16,3797.79,237.361875,3881.2253,High
15869.0,276,2,149.64,74.82,150.42291,Low
15870.0,32,1,354.09000000000003,354.09000000000003,353.7647,Low
15872.0,14,2,360.93,180.465,362.10263,Low
15874.0,62,9,4330.67,481.18555555555554,4271.9067,High
15877.0,1,3,440.78,146.92666666666665,445.34616,Medium
15880.0,368,2,313.28000000000003,156.64000000000001,317.94037,Low
15881.0,311,8,438.24,54.78,531.18024,Medium
15882.0,198,5,495.36,99.072,556.3259,Medium
15883.0,1,2,396.48,198.24,384.2617,Medium
15885.0,92,3,379.35,126.45,377.03308,Medium
15886.0,59,1,181.09,181.09,177.19936,Low
15888.0,79,2,141.27,70.635,125.42873,Low
15889.0,156,2,446.87,223.435,434.36383,Medium
15891.0,226,1,524.52,524.52,530.11633,Medium
15894.0,252,2,263.55,131.775,275.3281,Low
15895.0,149,1,179.17,179.17,177.98074,Low
15897.0,193,2,222.05,111.025,231.25722,Low
15898.0,0,6,1384.68,230.78,1396.06,High
15899.0,368,1,56.25,56.25,50.64024,Low
15900.0,23,1,351.11,351.11,343.65036,Low
15901.0,16,3,363.88,121.29333333333334,344.42435,Low
15903.0,9,8,5126.34,640.7925,5124.4814,High
15904.0,7,1,164.68,164.68,167.84306,Low
15906.0,19,8,1521.79,190.22375,1529.7836,High
15907.0,3,3,967.45,322.48333333333335,964.4535,Medium
15909.0,173,1,191.94,191.94,188.35327,Low
15910.0,0,8,1232.18,154.0225,1271.4467,High
15912.0,177,2,264.62,132.31,273.97186,Low
15916.0,15,10,1491.24,149.124,1476.2961,High
15917.0,247,1,123.1,123.1,123.36963,Low
15918.0,190,2,334.23,167.115,345.33914,Low
15919.0,19,2,639.89,319.945,625.4967,Medium
15920.0,153,4,167.5,41.875,158.41618,Low
15921.0,172,1,336.03000000000003,336.03000000000003,339.24945,Low
15922.0,371,2,363.6,181.8,359.2628,Low
15923.0,372,1,127.08,127.08,142.37079,Low
15925.0,193,1,207.15,207.15,200.71625,Low
15930.0,66,1,426.63,426.63,425.22577,Medium
15932.0,3,11,2461.85,223.80454545454543,2460.0486,High
15933.0,20,3,1107.46,369.15333333333336,1112.4023,Medium
15935.0,238,2,416.86,208.43,384.82043,Medium
15937.0,63,1,145.35,145.35,148.45015,Low
15938.0,111,5,404.58,80.916,465.15665,Medium
15939.0,89,16,6102.26,381.39125,6068.307,High
15940.0,310,2,31.799999999999997,15.899999999999999,18.456985,Low
15942.0,133,1,337.44,337.44,342.28632,Low
15944.0,276,1,325.1,325.1,336.87988,Low
15945.0,364,1,181.0,181.0,182.33447,Low
15947.0,82,1,1708.24,1708.24,1817.7389,High
15948.0,7,2,955.24,477.62,957.61334,Medium
15949.0,16,2,364.72,182.36,363.05167,Low
15950.0,1,5,1705.26,341.052,1769.3285,High
15951.0,0,3,669.57,223.19000000000003,659.9548,Medium
15952.0,33,4,806.57,201.6425,826.0251,Medium
15953.0,14,10,1634.53,163.453,1621.2373,High
15955.0,23,16,4389.81,274.363125,4364.459,High
15957.0,31,1,428.89,428.89,426.62076,Medium
15958.0,73,1,104.35,104.35,95.05348,Low
15963.0,19,2,470.76,235.38,483.01938,Medium
15965.0,16,4,845.64,211.41,835.80316,Medium
15967.0,22,2,418.83,209.415,424.3123,Medium
15969.0,2,4,582.9,145.725,586.0453,Medium
15970.0,303,1,314.1,314.1,317.27158,Low
15971.0,17,12,4199.85,349.9875,4345.4106,High
15973.0,235,3,99.77000000000002,33.256666666666675,120.34249,Low
15974.0,38,8,3429.55,428.69375,3420.9888,High
15975.0,83,1,371.01,371.01,382.21667,Medium
15976.0,164,2,430.94,215.47,425.01013,Medium
15977.0,16,2,1054.73,527.365,1040.9728,Medium
15978.0,76,1,1098.78,1098.78,1104.7141,Medium
15980.0,88,3,2398.86,799.62,2508.649,High
15981.0,24,8,3408.48,426.06,3414.5698,High
15983.0,21,4,1475.02,368.755,1482.7588,High
15984.0,2,11,2816.97,256.0881818181818,2775.672,High
15985.0,122,3,1037.42,345.8066666666667,1009.87726,Medium
15986.0,29,1,168.12,168.12,167.76653,Low
15987.0,11,7,1451.28,207.32571428571427,1439.8159,High
15988.0,18,1,158.03,158.03,156.70139,Low
15990.0,43,2,792.11,396.055,770.806,Medium
15992.0,3,1,41.989999999999995,41.989999999999995,34.327274,Low
15993.0,8,10,2756.82,275.682,2770.4539,High
15994.0,54,1,427.07,427.07,425.4503,Medium
15996.0,87,7,1044.78,149.25428571428571,1029.5142,Medium
15998.0,36,6,3084.17,514.0283333333333,3067.741,High
16000.0,2,3,12393.7,4131.233333333334,6989.305,High
16003.0,29,5,2735.37,547.074,2802.653,High
16005.0,11,4,615.39,153.8475,641.24976,Medium
16006.0,210,1,101.4,101.4,94.21461,Low
16007.0,47,4,1701.94,425.485,1675.9836,High
16008.0,23,3,478.78,159.59333333333333,470.42786,Medium
16009.0,21,4,992.71,248.1775,956.87866,Medium
16010.0,245,3,407.5,135.83333333333334,387.02826,Medium
16011.0,7,16,3362.71,210.169375,3338.6833,High
16012.0,34,3,1415.29,471.7633333333333,1368.5322,High
16013.0,3,54,33366.25,617.8935185185185,33354.785,High
16014.0,35,4,653.13,163.2825,647.30457,Medium
16015.0,3,4,690.54,172.635,692.7376,Medium
16016.0,2,10,1483.31,148.331,1471.9154,High
16017.0,46,1,211.88,211.88,226.70073,Low
16018.0,38,2,408.90000000000003,204.45000000000002,393.37665,Medium
16019.0,1,10,3450.2400000000002,345.024,3443.8691,High
16020.0,16,3,851.01,283.67,797.42694,Medium
16022.0,259,1,628.28,628.28,612.5377,Medium
16023.0,45,3,719.81,239.93666666666664,735.92694,Medium
16024.0,11,1,251.24,251.24,251.76509,Low
16025.0,29,1,439.65999999999997,439.65999999999997,443.11716,Medium
16026.0,42,1,236.09,236.09,228.2138,Low
16027.0,91,7,852.12,121.73142857142857,889.71173,Medium
16029.0,38,76,50992.61,670.9553947368421,50976.902,High
16030.0,309,1,331.24,331.24,336.87988,Low
16031.0,91,2,548.94,274.47,562.7509,Medium
16033.0,5,27,8727.61,323.24481481481484,9649.539,High
16034.0,195,3,437.7,145.9,433.8064,Medium
16036.0,86,2,758.92,379.46,752.1733,Medium
16037.0,269,3,855.02,285.00666666666666,875.2654,Medium
16038.0,7,4,454.33000000000004,113.58250000000001,448.71133,Medium
16040.0,64,3,1313.55,437.84999999999997,1290.1509,High
16041.0,30,3,3166.4,1055.4666666666667,3124.9517,High
16042.0,21,7,1147.37,163.91,1158.4048,High
16043.0,37,4,773.99,193.4975,772.72,Medium
16045.0,119,4,1340.7,335.175,1356.833,High
16048.0,85,3,243.69000000000003,81.23,240.48055,Low
16049.0,39,3,1111.79,370.59666666666664,1109.4297,Medium
16050.0,173,1,137.9,137.9,142.32027,Low
16052.0,53,1,362.06,362.06,356.9262,Low
16053.0,32,2,1511.95,755.975,1463.9683,High
16054.0,144,1,783.9,783.9,777.5583,Medium
16055.0,220,1,134.8,134.8,130.66818,Low
16056.0,44,1,664.85,664.85,670.88654,Medium
16057.0,3,10,2140.2200000000003,214.02200000000002,2075.0942,High
16059.0,65,6,1459.8600000000001,243.31000000000003,1436.0038,High
16061.0,268,1,-29.95,-29.95,-30.7956,Low
16062.0,9,4,1153.62,288.405,1215.8818,High
16063.0,259,1,335.32,335.32,340.60568,Low
16065.0,364,1,372.09,372.09,380.40262,Medium
16066.0,16,5,1521.87,304.37399999999997,1525.1218,High
16070.0,21,2,852.15,426.075,859.54987,Medium
16071.0,44,1,326.24,326.24,334.23083,Low
16072.0,287,1,584.3199999999999,584.3199999999999,588.64105,Medium
16073.0,291,2,94.35,47.175,101.51044,Low
16076.0,2,11,2173.53,197.5936363636364,2126.5063,High
16078.0,283,1,79.2,79.2,85.237045,Low
16079.0,16,3,1352.0,450.6666666666667,1335.9172,High
16080.0,81,3,176.6,58.86666666666667,189.887,Low
16081.0,55,5,2806.9,561.38,2846.1138,High
16083.0,100,2,1317.62,658.81,1305.8146,High
16084.0,298,1,436.18,436.18,441.26657,Medium
16085.0,22,5,981.51,196.302,1008.9313,Medium
16086.0,58,6,1119.31,186.55166666666665,1169.7706,High
16091.0,154,2,315.06,157.53,317.60596,Low
16092.0,98,5,779.36,155.872,761.79956,Medium
16093.0,106,1,17.0,17.0,-6.2274227,Low
16094.0,11,6,1041.83,173.63833333333332,1048.1958,Medium
16096.0,263,1,320.62,320.62,318.0714,Low
16097.0,239,1,185.04999999999998,185.04999999999998,185.06323,Low
16098.0,87,7,2005.63,286.5185714285714,1957.2141,High
16099.0,49,3,731.9,243.96666666666667,736.407,Medium
16101.0,8,3,1245.96,415.32,1243.0864,High
16102.0,41,3,1842.14,614.0466666666667,1898.3276,High
16103.0,6,6,1429.64,238.27333333333334,1433.0513,High
16104.0,61,1,302.36,302.36,289.21597,Low
16105.0,248,1,336.96,336.96,340.60568,Low
16106.0,65,1,108.38,108.38,111.83776,Low
16107.0,17,7,3204.1600000000003,457.7371428571429,3238.6465,High
16108.0,84,2,816.1,408.05,804.03015,Medium
16109.0,218,2,611.88,305.94,610.98065,Medium
16110.0,44,3,1337.48,445.82666666666665,1305.1868,High
16112.0,142,4,195.73999999999998,48.934999999999995,202.6671,Low
16113.0,182,1,161.38,161.38,168.22655,Low
16114.0,170,1,135.75000000000003,135.75000000000003,129.31198,Low
16115.0,9,8,1667.97,208.49625,1692.2567,High
16116.0,205,2,592.88,296.44,587.6244,Medium
16117.0,189,1,232.21,232.21,230.41582,Low
16119.0,7,2,423.36,211.68,424.07825,Medium
16120.0,58,5,1294.14,258.82800000000003,1300.0885,High
16121.0,56,2,867.11,433.555,907.10223,Medium
16122.0,72,4,684.4200000000001,171.10500000000002,663.27563,Medium
16123.0,51,1,307.78,307.78,315.89987,Low
16124.0,315,2,187.15,93.575,166.1691,Low
16125.0,366,1,289.35,289.35,289.7168,Low
16126.0,28,4,6287.77,1571.9425,6267.222,High
16127.0,38,1,656.25,656.25,657.3233,Medium
16128.0,17,5,1880.22,376.044,1843.124,High
16131.0,51,6,3506.54,584.4233333333333,3588.0151,High
16133.0,3,46,14305.66,310.99260869565217,14284.344,High
16134.0,21,3,603.69,201.23000000000002,610.09796,Medium
16135.0,262,1,517.55,517.55,519.75134,Medium
16136.0,59,3,709.38,236.46,733.6028,Medium
16138.0,367,1,-7.95,-7.95,9.860672,Low
16139.0,18,3,635.41,211.8033333333333,666.5793,Medium
16140.0,52,4,703.77,175.9425,693.3693,Medium
16141.0,87,1,620.4,620.4,614.21826,Medium
16142.0,249,1,535.34,535.34,544.87476,Medium
16143.0,2,7,2419.84,345.6914285714286,2463.0244,High
16144.0,246,1,175.2,175.2,176.51236,Low
16145.0,8,18,3741.98,207.88777777777779,3746.5396,High
16146.0,156,3,734.13,244.71,729.84015,Medium
16147.0,133,1,375.0,375.0,383.49713,Medium
16148.0,295,1,76.32000000000001,76.32000000000001,85.237045,Low
16149.0,4,2,280.52,140.26,289.69614,Low
16150.0,38,10,1906.07,190.607,1920.606,High
16152.0,268,1,1829.04,1829.04,1824.9596,High
16153.0,49,5,1824.23,364.846,1823.7584,High
16156.0,8,13,3024.62,232.66307692307691,3030.8853,High
16157.0,15,4,644.24,161.06,651.1573,Medium
16159.0,281,1,348.2,348.2,349.8515,Low
16160.0,63,4,1009.4499999999999,252.36249999999998,958.45514,Medium
16161.0,1,26,5352.97,205.88346153846155,5896.2974,High
16162.0,251,1,37.4,37.4,35.050957,Low
16163.0,224,3,441.59999999999997,147.2,444.48358,Medium
16164.0,16,4,802.53,200.6325,807.90796,Medium
16168.0,10,28,3770.6,134.6642857142857,3787.9304,High
16169.0,7,4,1822.97,455.7425,1802.2292,High
16170.0,50,7,1880.4199999999998,268.63142857142856,1815.6876,High
16171.0,58,1,73.2,73.2,73.20825,Low
16172.0,94,5,1140.21,228.042,1057.5939,Medium
16173.0,15,7,1406.57,200.9385714285714,1423.0115,High
16174.0,125,3,1009.5500000000001,336.5166666666667,1009.87726,Medium
16175.0,93,4,1037.59,259.3975,1057.4048,Medium
16177.0,49,1,331.95,331.95,334.9783,Low
16178.0,137,1,197.9,197.9,188.8427,Low
16179.0,60,1,215.83,215.83,228.28629,Low
16180.0,99,10,10217.48,1021.7479999999999,9481.128,High
16181.0,72,1,305.54,305.54,312.63037,Low
16182.0,71,4,6617.65,1654.4125,6626.837,High
16183.0,66,1,338.71000000000004,338.71000000000004,349.24176,Low
16184.0,63,7,1155.54,165.07714285714286,1152.1536,High
16185.0,16,2,529.41,264.705,520.59686,Medium
16186.0,22,13,3991.94,307.0723076923077,4002.323,High
16187.0,31,17,6841.24,402.4258823529412,6843.789,High
16188.0,44,4,981.86,245.465,955.514,Medium
16189.0,15,2,215.48,107.74,230.14609,Low
16190.0,39,1,215.08,215.08,233.79283,Low
16191.0,2,25,4913.32,196.53279999999998,4928.615,High
16193.0,236,1,314.45,314.45,317.27158,Low
16198.0,74,1,400.68100000000004,400.68100000000004,412.35654,Medium
16200.0,3,2,1080.6200000000001,540.3100000000001,1075.1028,Medium
16201.0,2,5,1821.52,364.304,1821.1886,High
16202.0,360,1,365.27,365.27,370.99445,Low
16203.0,58,5,589.15,117.83,595.21783,Medium
16204.0,22,1,405.71,405.71,408.72385,Medium
16205.0,30,4,761.38,190.345,777.0918,Medium
16206.0,54,4,537.0600000000001,134.26500000000001,527.81744,Medium
16207.0,24,1,394.38,394.38,402.25598,Medium
16208.0,44,2,664.26,332.13,654.0952,Medium
16209.0,88,5,2262.62,452.524,2270.3892,High
16210.0,1,18,21086.3,1171.461111111111,21100.705,High
16211.0,80,2,542.77,271.385,560.2411,Medium
16212.0,18,3,681.19,227.06333333333336,682.5643,Medium
16213.0,78,1,159.0,159.0,152.37128,Low
16214.0,170,3,1062.75,354.25,1068.4937,Medium
16215.0,80,1,242.35,242.35,233.20593,Low
16216.0,266,1,914.9300000000001,914.9300000000001,875.71704,Medium
16217.0,234,4,259.39000000000004,64.84750000000001,250.33528,Low
16218.0,29,8,3054.87,381.85875,3060.6592,High
16221.0,36,3,864.86,288.2866666666667,882.09863,Medium
16222.0,317,1,846.72,846.72,843.8682,Medium
16224.0,56,4,1295.3,323.825,1330.8398,High
16225.0,44,5,1096.32,219.26399999999998,1034.1488,Medium
16226.0,202,3,255.12,85.04,242.0794,Low
16227.0,218,2,308.32000000000005,154.16000000000003,315.91208,Low
16229.0,86,2,1010.6,505.3,1015.07367,Medium
16230.0,189,2,542.03,271.015,563.14294,Medium
16232.0,32,5,983.23,196.64600000000002,1006.7604,Medium
16233.0,70,5,422.13,84.426,460.70154,Medium
16235.0,40,6,858.41,143.06833333333333,826.084,Medium
16236.0,77,1,432.2,432.2,423.89804,Medium
16239.0,56,3,372.9,124.3,373.68362,Medium
16240.0,7,5,3693.81,738.762,3723.7168,High
16241.0,9,13,2607.87,200.6053846153846,2595.27,High
16242.0,7,8,3598.26,449.7825,3457.9287,High
16243.0,33,2,409.1,204.55,395.7765,Medium
16244.0,211,2,1522.75,761.375,1498.1188,High
16245.0,23,5,1352.3600000000001,270.47200000000004,1332.8042,High
16247.0,169,1,114.56,114.56,117.85812,Low
16248.0,61,1,152.94,152.94,149.77658,Low
16249.0,52,5,1800.07,360.014,1793.2592,High
16250.0,260,2,389.44,194.72,371.79395,Low
16252.0,365,1,-295.09,-295.09,-314.59705,Low
16253.0,31,3,3665.62,1221.8733333333332,3919.553,High
16255.0,16,10,2609.3,260.93,2653.879,High
16256.0,257,2,732.63,366.315,744.5134,Medium
16257.0,176,1,46.95,46.95,43.73937,Low
16258.0,44,5,5203.51,1040.702,5537.8716,High
16260.0,50,1,1035.45,1035.45,1049.251,Medium
16261.0,16,4,746.83,186.7075,759.94995,Medium
16262.0,360,1,-31.65,-31.65,54.11598,Low
16265.0,8,11,5423.15,493.01363636363635,5442.515,High
16266.0,73,7,861.89,123.12714285714286,920.78394,Medium
16268.0,70,2,667.65,333.825,653.87067,Medium
16270.0,352,1,1141.24,1141.24,1197.1366,High
16271.0,2,6,1423.29,237.215,1421.3126,High
16272.0,116,1,411.7,411.7,401.63016,Medium
16274.0,372,1,357.95,357.95,348.47064,Low
16275.0,196,1,559.87,559.87,573.0097,Medium
16276.0,176,1,810.6000000000001,810.6000000000001,842.51196,Medium
16278.0,22,3,537.83,179.27666666666667,517.4489,Medium
16279.0,20,4,1496.68,374.17,1482.592,High
16281.0,71,1,2062.06,2062.06,2158.6545,High
16282.0,339,1,168.3,168.3,172.13503,Low
16283.0,5,7,1531.51,218.78714285714287,1515.7029,High
16284.0,30,2,823.97,411.985,853.3168,Medium
16287.0,169,1,142.5,142.5,144.77759,Low
16292.0,116,2,280.9,140.45,294.347,Low
16293.0,8,12,2236.7400000000002,186.395,2208.745,High
16295.0,9,4,1328.55,332.1375,1356.8569,High
16297.0,212,4,275.4,68.85,253.8517,Low
16298.0,22,3,598.2,199.4,610.09796,Medium
16302.0,107,2,212.82,106.41,210.12723,Low
16303.0,25,4,5305.83,1326.4575,5333.689,High
16305.0,138,1,361.21999999999997,361.21999999999997,357.26218,Low
16306.0,213,9,602.27,66.91888888888889,651.9464,Medium
16308.0,37,4,2560.0,640.0,2523.8586,High
16309.0,91,3,686.67,228.89,666.71985,Medium
16311.0,17,2,616.26,308.13,618.68286,Medium
16313.0,2,2,274.15000000000003,137.07500000000002,289.23596,Low
16315.0,330,1,226.37,226.37,232.58264,Low
16316.0,63,12,2755.56,229.63,2707.924,High
16317.0,119,3,1341.65,447.2166666666667,1314.3486,High
16318.0,34,1,328.15,328.15,335.49292,Low
16319.0,217,1,404.40000000000003,404.40000000000003,405.45773,Medium
16320.0,171,2,1038.46,519.23,1029.7621,Medium
16321.0,71,7,230.70000000000002,32.95714285714286,225.32864,Low
16322.0,0,2,326.75,163.375,317.18988,Low
16323.0,195,1,207.50000000000003,207.50000000000003,200.71625,Low
16324.0,127,3,428.68,142.89333333333335,423.1352,Medium
16325.0,43,5,510.54,102.108,521.59973,Medium
16326.0,5,15,3085.96,205.73066666666668,3184.5588,High
16327.0,13,6,3844.22,640.7033333333333,3901.191,High
16330.0,17,4,242.21,60.5525,240.274,Low
16332.0,27,8,1583.2,197.9,1623.6761,High
16333.0,7,22,26626.8,1210.3090909090909,26607.014,High
16337.0,36,1,151.05,151.05,147.41241,Low
16338.0,156,1,214.79999999999998,214.79999999999998,235.30742,Low
16339.0,283,1,109.95,109.95,114.20453,Low
16340.0,106,1,549.07,549.07,576.0465,Medium
16341.0,24,6,1959.38,326.56333333333333,1866.1475,High
16342.0,74,4,322.41,80.6025,356.99298,Low
16343.0,15,2,370.47999999999996,185.23999999999998,362.62943,Low
16344.0,157,1,101.10000000000001,101.10000000000001,98.55271,Low
16345.0,43,1,575.41,575.41,586.5866,Medium
16347.0,10,2,887.65,443.825,907.26465,Medium
16348.0,31,7,1469.45,209.92142857142858,1479.3326,High
16349.0,290,1,53.5,53.5,58.298904,Low
16350.0,20,5,1100.47,220.094,1063.2716,Medium
16351.0,332,1,153.9,153.9,158.14795,Low
16352.0,17,2,494.44,247.22,514.47656,Medium
16353.0,3,23,6675.71,290.24826086956523,6716.9204,High
16354.0,62,2,395.8,197.9,372.85168,Medium
16356.0,197,4,210.32000000000002,52.580000000000005,229.15385,Low
16357.0,32,3,658.88,219.62666666666667,679.11957,Medium
16358.0,0,5,2024.95,404.99,1998.4315,High
16359.0,6,12,1460.3700000000001,121.6975,1341.9467,High
16360.0,4,8,3411.69,426.46125,3409.8303,High
16361.0,9,4,896.66,224.165,872.3945,Medium
16362.0,31,9,652.07,72.45222222222223,659.9154,Medium
16363.0,52,1,109.36000000000001,109.36000000000001,111.83776,Low
16364.0,11,2,707.04,353.52,718.0268,Medium
16365.0,17,9,1540.42,171.1577777777778,1538.1135,High
16366.0,18,1,327.3,327.3,333.98322,Low
16367.0,36,2,804.49,402.245,777.105,Medium
16368.0,1,2,497.43,248.715,509.60864,Medium
16369.0,17,3,1553.66,517.8866666666667,1566.6251,High
16370.0,81,4,1320.56,330.14,1339.0305,High
16372.0,32,2,367.93,183.965,366.3508,Low
16374.0,65,2,473.03000000000003,236.51500000000001,491.6939,Medium
16376.0,8,3,977.52,325.84,995.7643,Medium
16377.0,266,1,676.2,676.2,670.75616,Medium
16378.0,246,3,362.95,120.98333333333333,344.8999,Low
16379.0,3,5,2131.9,426.38,2145.4429,High
16380.0,60,1,1780.59,1780.59,1794.2507,High
16383.0,74,2,668.36,334.18,666.8999,Medium
16384.0,89,2,584.5,292.25,570.06854,Medium
16385.0,59,3,555.89,185.29666666666665,558.7444,Medium
16386.0,28,2,317.2,158.6,316.48727,Low
16387.0,322,1,94.36,94.36,85.80059,Low
16389.0,52,5,1362.27,272.454,1361.7253,High
16392.0,269,1,221.19,221.19,228.27106,Low
16393.0,1,20,2941.05,147.0525,2993.9177,High
16394.0,49,9,1412.06,156.89555555555555,1471.7572,High
16395.0,60,5,1486.9,297.38,1496.0292,High
16398.0,144,4,1631.15,407.7875,1661.3352,High
16399.0,18,2,408.57,204.285,396.4592,Medium
16400.0,94,1,303.93,303.93,301.2925,Low
16401.0,0,20,4061.24,203.06199999999998,4146.321,High
16402.0,264,2,299.6,149.8,302.15256,Low
16403.0,301,2,161.04999999999998,80.52499999999999,150.42291,Low
16404.0,69,1,443.05,443.05,444.12537,Medium
16405.0,301,2,167.25,83.625,152.30481,Low
16406.0,18,1,163.07,163.07,168.13622,Low
16407.0,12,10,2126.93,212.69299999999998,2051.8354,High
16409.0,35,5,2028.88,405.776,1970.5502,High
16411.0,18,2,214.65,107.325,230.14609,Low
16412.0,53,1,151.83,151.83,149.77658,Low
16413.0,56,1,262.2,262.2,245.58678,Low
16414.0,21,2,126.25,63.125,121.02691,Low
16415.0,43,1,210.35,210.35,226.70073,Low
16416.0,26,4,1026.99,256.7475,1054.2056,Medium
16418.0,44,3,675.27,225.09,673.6787,Medium
16419.0,112,7,959.48,137.06857142857143,968.50793,Medium
16422.0,16,75,33805.69,450.74253333333337,33808.83,High
16423.0,24,1,346.12,346.12,341.92047,Low
16424.0,190,2,82.56,41.28,78.42483,Low
16425.0,301,1,302.7,302.7,302.64874,Low
16426.0,1,10,1908.25,190.825,1937.7294,High
16427.0,262,2,241.06,120.53,233.81552,Low
16428.0,80,1,-2.95,-2.95,-2.2619164,Low
16429.0,105,1,284.55,284.55,293.09787,Low
16430.0,56,1,300.85,300.85,289.21597,Low
16431.0,212,3,642.81,214.26999999999998,661.8041,Medium
16432.0,63,1,287.4,287.4,283.2948,Low
16433.0,27,1,184.26,184.26,182.80269,Low
16434.0,28,7,1522.25,217.46428571428572,1517.1422,High
16438.0,5,5,798.35,159.67000000000002,792.6281,Medium
16440.0,7,5,3640.67,728.134,3580.0269,High
16441.0,66,2,381.2,190.6,375.01938,Medium
16442.0,1,3,616.79,205.59666666666666,607.8848,Medium
16444.0,45,5,638.77,127.75399999999999,659.66266,Medium
16445.0,33,1,230.51,230.51,236.26566,Low
16446.0,0,3,2.8999999999941792,0.9666666666647264,22.992579,Low
16447.0,135,1,259.01,259.01,247.78879,Low
16448.0,197,1,188.89000000000001,188.89000000000001,186.78326,Low
16449.0,190,3,674.69,224.89666666666668,667.1119,Medium
16450.0,149,1,311.92,311.92,314.75323,Low
16451.0,87,1,266.97,266.97,247.80003,Low
16454.0,44,3,-8.15,-2.716666666666667,37.43375,Low
16455.0,63,7,1841.18,263.0257142857143,1813.5531,High
16456.0,98,5,2158.37,431.674,2159.0999,High
16457.0,217,1,208.36,208.36,202.07246,Low
16458.0,2,18,3482.7400000000002,193.48555555555558,3501.7737,High
16460.0,27,3,814.72,271.5733333333333,782.4254,Medium
16461.0,177,1,151.42,151.42,150.61787,Low
16462.0,63,4,102.0,25.5,94.96975,Low
16463.0,20,7,1383.7,197.67142857142858,1392.6713,High
16464.0,19,3,1314.68,438.2266666666667,1294.7437,High
16466.0,33,7,1603.46,229.06571428571428,1632.293,High
16468.0,73,1,74.9,74.9,73.20825,Low
16469.0,23,4,650.43,162.6075,649.71594,Medium
16470.0,51,5,757.44,151.488,754.2365,Medium
16471.0,274,1,223.95000000000002,223.95000000000002,232.58264,Low
16473.0,164,4,314.86,78.715,354.5509,Low
16474.0,6,11,1811.47,164.67909090909092,1856.177,High
16475.0,87,4,544.3,136.075,525.0676,Medium
16477.0,63,7,2494.46,356.3514285714286,2503.6675,High
16478.0,24,3,331.0,110.33333333333333,338.21365,Low
16479.0,9,2,300.83,150.415,301.4283,Low
16480.0,75,1,769.29,769.29,773.22235,Medium
16482.0,15,1,220.62,220.62,227.66385,Low
16483.0,191,1,139.35,139.35,142.32027,Low
16484.0,173,3,379.4,126.46666666666665,376.35107,Medium
16485.0,76,1,363.65,363.65,356.39392,Low
16488.0,32,4,492.2,123.05,475.6517,Medium
16491.0,46,1,731.5,731.5,763.8015,Medium
16493.0,72,6,1329.66,221.61,1340.3042,High
16494.0,296,1,826.53,826.53,843.8682,Medium
16495.0,2,3,684.41,228.13666666666666,677.1305,Medium
16496.0,8,4,1562.22,390.555,1631.7173,High
16497.0,49,6,2965.69,494.2816666666667,2906.721,High
16498.0,160,3,86.12,28.706666666666667,89.91667,Low
16499.0,359,5,319.1,63.82000000000001,328.59442,Low
16500.0,4,6,400.86,66.81,343.2539,Low
16503.0,106,5,1421.43,284.286,1363.1761,High
16504.0,24,1,484.38,484.38,474.28983,Medium
16505.0,31,1,777.6,777.6,744.7668,Medium
16506.0,19,2,90.30000000000001,45.150000000000006,99.73848,Low
16509.0,296,1,363.7,363.7,355.58154,Low
16510.0,371,1,248.1,248.1,252.11194,Low
16511.0,21,3,950.26,316.75333333333333,954.79663,Medium
16513.0,4,4,874.59,218.6475,826.7895,Medium
16515.0,51,5,1627.13,325.42600000000004,1589.8049,High
16516.0,29,1,101.69999999999999,101.69999999999999,97.545746,Low
16517.0,276,1,162.7,162.7,169.58276,Low
16518.0,60,3,480.92,160.30666666666667,462.9836,Medium
16519.0,24,2,215.07999999999998,107.53999999999999,228.70473,Low
16520.0,185,4,1036.6200000000001,259.15500000000003,1062.928,Medium
16523.0,1,28,9295.67,331.98821428571426,10128.297,High
16525.0,1,29,11895.57,410.19206896551725,11879.828,High
16526.0,171,1,290.36,290.36,289.77472,Low
16527.0,80,1,228.06,228.06,228.71664,Low
16528.0,3,1,244.41,244.41,233.58047,Low
16529.0,189,1,455.25,455.25,452.69382,Medium
16531.0,21,7,1244.59,177.79857142857142,1226.133,High
16532.0,17,3,6748.8,2249.6,6795.2876,High
16533.0,18,5,1026.94,205.388,1036.4136,Medium
16535.0,4,1,593.75,593.75,542.1441,Medium
16536.0,106,2,539.02,269.51,562.7509,Medium
16539.0,2,4,1388.81,347.2025,1346.8789,High
16542.0,53,1,119.62,119.62,115.30854,Low
16545.0,164,1,339.3,339.3,346.76538,Low
16546.0,290,3,-95.93,-31.97666666666667,-79.92813,Low
16549.0,9,10,4154.64,415.46400000000006,4091.3982,High
16550.0,108,9,2266.25,251.80555555555554,2304.1409,High
16551.0,95,3,922.12,307.37333333333333,942.0004,Medium
16552.0,242,2,379.73,189.865,371.3045,Low
16553.0,162,14,5664.57,404.6121428571428,5653.3213,High
16554.0,2,7,641.55,91.64999999999999,652.8127,Medium
16555.0,34,2,285.89,142.945,301.43408,Low
16556.0,66,7,3313.79,473.3985714285714,3312.1792,High
16557.0,23,2,281.85,140.925,293.2283,Low
16558.0,0,24,8257.04,344.04333333333335,8202.697,High
16560.0,20,3,816.51,272.17,780.4173,Medium
16561.0,5,2,511.12,255.56,511.73627,Medium
16563.0,53,1,1077.74,1077.74,1049.251,Medium
16565.0,363,1,173.7,173.7,175.09851,Low
16566.0,14,6,614.01,102.335,623.54114,Medium
16567.0,193,2,865.6,432.8,909.9007,Medium
16569.0,2,1,124.2,124.2,121.06809,Low
16570.0,8,15,3622.95,241.53,3698.3628,High
16571.0,2,5,1285.22,257.044,1300.4607,High
16572.0,126,4,999.7,249.925,951.4963,Medium
16573.0,73,4,648.41,162.1025,642.2717,Medium
16574.0,70,1,451.44,451.44,455.5589,Medium
16579.0,364,1,-30.599999999999998,-30.599999999999998,-16.618793,Low
16581.0,154,2,70.44,35.22,65.05887,Low
16582.0,112,1,313.62,313.62,314.75323,Low
16583.0,373,1,233.45,233.45,232.08347,Low
16584.0,79,3,908.03,302.6766666666667,903.6291,Medium
16586.0,248,1,463.95,463.95,466.75757,Medium
16587.0,231,1,225.15,225.15,232.58264,Low
16589.0,70,3,459.24,153.08,450.28394,Medium
16591.0,68,1,213.5,213.5,226.70073,Low
16592.0,3,19,4073.28,214.38315789473685,4170.235,High
16593.0,50,3,330.03,110.00999999999999,332.88525,Low
16594.0,74,1,181.09,181.09,176.89159,Low
16595.0,60,1,360.16,360.16,356.9262,Low
16596.0,15,2,250.15,125.075,267.37726,Low
16597.0,3,1,90.04,90.04,83.28183,Low
16598.0,276,2,140.7,70.35,120.308334,Low
16600.0,3,6,813.52,135.58666666666667,796.5649,Medium
16601.0,40,1,244.79999999999998,244.79999999999998,239.02023,Low
16602.0,30,2,494.72999999999996,247.36499999999998,519.68274,Medium
16603.0,74,2,482.47,241.235,493.71036,Medium
16607.0,17,16,3038.67,189.916875,3093.0454,High
16609.0,14,9,5450.96,605.6622222222222,5447.9736,High
16610.0,218,1,75.66,75.66,85.237045,Low
16611.0,185,2,120.99000000000001,60.495000000000005,117.33152,Low
16612.0,32,4,1187.66,296.915,1227.5552,High
16613.0,69,1,618.59,618.59,601.04236,Medium
16614.0,182,1,506.19,506.19,507.17316,Medium
16616.0,14,2,500.42,250.21,512.7404,Medium
16617.0,235,1,151.85,151.85,155.24548,Low
16618.0,30,6,2630.64,438.44,2628.262,High
16619.0,253,2,204.41,102.205,205.10712,Low
16620.0,3,2,178.96,89.48,172.44383,Low
16621.0,51,4,813.48,203.37,818.7839,Medium
16623.0,245,1,129.45,129.45,128.93019,Low
16624.0,80,2,810.5699999999999,405.28499999999997,807.0324,Medium
16625.0,274,1,333.08,333.08,340.60568,Low
16626.0,0,20,4379.65,218.9825,4454.6797,High
16627.0,78,1,322.8,322.8,314.89008,Low
16628.0,29,6,2183.04,363.84,2179.8254,High
16629.0,73,2,417.73,208.865,419.11246,Medium
16633.0,16,7,2878.15,411.1642857142857,2918.4153,High
16634.0,222,2,217.9,108.95,226.91911,Low
16637.0,31,5,1124.59,224.91799999999998,1082.0212,Medium
16638.0,22,11,1676.47,152.40636363636364,1615.6447,High
16639.0,24,4,1169.38,292.345,1222.1194,High
16641.0,105,1,231.10000000000002,231.10000000000002,230.41582,Low
16642.0,4,3,679.83,226.61,677.59064,Medium
16643.0,245,1,487.51,487.51,486.04333,Medium
16644.0,177,2,833.78,416.89,855.5034,Medium
16647.0,169,2,214.06,107.03,231.25722,Low
16648.0,38,2,270.85999999999996,135.42999999999998,279.78427,Low
16650.0,71,1,518.42,518.42,518.20795,Medium
16652.0,53,11,6654.26,604.9327272727273,6657.7017,High
16653.0,15,3,1166.92,388.97333333333336,1144.062,High
16654.0,140,5,594.97,118.994,599.6729,Medium
16655.0,17,6,3794.52,632.42,3840.8555,High
16656.0,21,21,8568.24,408.01142857142855,8658.733,High
16657.0,9,4,933.62,233.405,893.26526,Medium
16658.0,367,1,123.24,123.24,133.99307,Low
16659.0,188,1,39.12,39.12,18.872726,Low
16660.0,15,5,810.4499999999999,162.08999999999997,794.171,Medium
16665.0,361,1,135.39999999999998,135.39999999999998,135.48495,Low
16666.0,18,1,118.98,118.98,120.69511,Low
16667.0,67,2,570.13,285.065,563.5886,Medium
16668.0,14,6,306.71999999999997,51.12,309.18945,Low
16669.0,23,4,1370.8700000000001,342.71750000000003,1349.9819,High
16670.0,16,17,4022.46,236.61529411764707,4034.328,High
16671.0,27,3,1692.27,564.09,1701.5521,High
16672.0,1,23,8093.59,351.89521739130436,8087.0283,High
16674.0,54,2,319.61,159.805,325.93628,Low
16676.0,33,5,1558.72,311.744,1536.0337,High
16678.0,2,17,3013.83,177.28411764705882,2979.858,High
16679.0,365,1,129.75,129.75,133.74696,Low
16680.0,42,1,183.7,183.7,176.32014,Low
16681.0,72,6,1770.34,295.0566666666667,1803.9971,High
16682.0,4,5,1028.0,205.6,1031.44,Medium
16684.0,3,31,65892.08,2125.5509677419354,65888.2,High
16685.0,60,2,324.24,162.12,326.9528,Low
16686.0,46,9,3043.48,338.1644444444444,2946.5366,High
16688.0,0,4,1260.86,315.215,1286.2341,High
16689.0,75,3,303.26,101.08666666666666,310.7655,Low
16690.0,43,3,208.63,69.54333333333334,207.81842,Low
16692.0,255,2,1276.0,638.0,1305.1292,High
16693.0,68,2,482.01,241.005,494.01813,Medium
16696.0,134,4,657.9000000000001,164.47500000000002,639.5219,Medium
16697.0,240,1,112.75,112.75,114.925865,Low
16698.0,226,2,1998.0,999.0,2005.9857,High
16700.0,8,17,5040.0,296.47058823529414,5028.796,High
16701.0,8,18,5150.2699999999995,286.1261111111111,5095.139,High
16705.0,0,29,13946.130000000001,480.90103448275863,13917.87,High
16706.0,36,3,531.35,177.11666666666667,511.49176,Medium
16708.0,45,1,656.63,656.63,653.71185,Medium
16709.0,84,5,3029.87,605.9739999999999,3034.3584,High
16710.0,18,10,2483.04,248.304,2646.3958,High
16711.0,2,5,1651.03,330.206,1605.246,High
16712.0,8,11,3645.43,331.40272727272725,3807.673,High
16713.0,18,21,6840.2300000000005,325.7252380952381,6842.821,High
16714.0,218,4,911.53,227.8825,872.7503,Medium
16715.0,77,1,301.71999999999997,301.71999999999997,288.6837,Low
16716.0,266,3,319.8000000000001,106.60000000000004,300.3059,Low
16717.0,8,9,3278.36,364.26222222222225,3226.1165,High
16718.0,368,1,623.75,623.75,638.512,Medium
16719.0,14,8,1773.92,221.74,1791.9424,High
16720.0,25,1,155.24,155.24,155.26003,Low
16721.0,261,1,292.47,292.47,291.13095,Low
16722.0,16,16,4711.21,294.450625,4547.4907,High
16723.0,90,2,589.15,294.575,606.63513,Medium
16725.0,301,8,775.07,96.88375,786.0991,Medium
16726.0,25,5,1382.02,276.404,1363.8516,High
16727.0,363,1,272.82,272.82,285.4055,Low
16728.0,45,4,1054.67,263.6675,1080.8784,Medium
16729.0,35,26,7076.28,272.1646153846154,7081.5195,High
16730.0,51,4,702.79,175.6975,693.3693,Medium
16732.0,31,1,603.75,603.75,605.79315,Medium
16734.0,51,3,650.51,216.83666666666667,676.7011,Medium
16735.0,78,7,2269.21,324.17285714285714,2298.476,High
16737.0,52,1,417.59999999999997,417.59999999999997,420.4254,Medium
16738.0,297,1,3.75,3.75,-10.812073,Low
16739.0,171,2,312.55,156.275,317.99802,Low
16742.0,46,2,0.0,0.0,1.5559508,Low
16743.0,28,8,2191.84,273.98,2174.4849,High
16744.0,10,7,1304.76,186.3942857142857,1349.1194,High
16745.0,86,18,7170.7,398.3722222222222,6312.155,High
16746.0,4,19,6694.31,352.3321052631579,6714.351,High
16747.0,24,4,826.96,206.74,826.2281,Medium
16748.0,17,5,1515.9,303.18,1496.3729,High
16750.0,44,5,623.93,124.78599999999999,653.56335,Medium
16751.0,30,1,1764.72,1764.72,1791.7688,High
16752.0,372,1,207.5,207.5,202.3839,Low
16753.0,57,1,223.92000000000002,223.92000000000002,229.02441,Low
16754.0,371,1,2002.4,2002.4,1951.5864,High
16755.0,113,5,1484.63,296.92600000000004,1491.484,High
16756.0,214,1,239.4,239.4,231.77203,Low
16757.0,318,1,106.83000000000001,106.83000000000001,94.21461,Low
16758.0,64,1,369.34000000000003,369.34000000000003,381.6562,Medium
16759.0,7,4,772.84,193.21,778.443,Medium
16761.0,96,1,316.62,316.62,315.91534,Low
16762.0,19,3,1501.38,500.46000000000004,1541.149,High
16763.0,184,2,594.9,297.45,599.2086,Medium
16764.0,3,18,2758.25,153.23611111111111,2575.5088,High
16765.0,293,1,34.0,34.0,29.95728,Low
16766.0,272,2,1145.6,572.8,1104.8893,Medium
16767.0,30,11,5580.6,507.32727272727277,5549.9907,High
16768.0,47,5,458.04,91.608,470.60397,Medium
16769.0,259,1,380.39,380.39,381.8165,Medium
16770.0,57,6,744.9,124.14999999999999,756.3095,Medium
16771.0,32,5,2246.81,449.36199999999997,2251.944,High
16773.0,56,1,171.59,171.59,169.77402,Low
16774.0,67,5,654.92,130.98399999999998,665.758,Medium
16775.0,9,11,1695.66,154.1509090909091,1718.4714,High
16776.0,59,1,388.28,388.28,395.92892,Medium
16777.0,79,2,226.35,113.175,229.54344,Low
16778.0,73,2,245.94,122.97,231.0533,Low
16779.0,1,28,10454.05,373.3589285714285,10414.893,High
16780.0,99,2,425.19,212.595,426.1336,Medium
16781.0,364,2,294.65,147.325,296.28522,Low
16782.0,9,19,2242.25,118.01315789473684,2271.2756,High
16784.0,19,1,107.6,107.6,117.22433,Low
16788.0,122,2,597.48,298.74,598.8166,Medium
16789.0,7,1,80.8,80.8,78.13072,Low
16790.0,3,8,1520.1200000000001,190.01500000000001,1519.0973,High
16791.0,28,8,1706.28,213.285,1699.1022,High
16792.0,281,2,110.38000000000001,55.190000000000005,108.51909,Low
16793.0,56,1,243.84,243.84,233.5137,Low
16794.0,0,12,1201.51,100.12583333333333,1169.8301,High
16795.0,364,1,414.88,414.88,418.143,Medium
16796.0,88,1,305.62,305.62,311.70825,Low
16800.0,10,1,1201.49,1201.49,1213.8942,High
16801.0,162,5,867.83,173.566,837.248,Medium
16803.0,64,1,332.3,332.3,334.75378,Low
16804.0,22,3,536.99,178.99666666666667,517.4489,Medium
16805.0,173,2,460.59,230.295,434.36383,Medium
16806.0,102,4,801.49,200.3725,796.2726,Medium
16807.0,142,3,1121.59,373.8633333333333,1113.8955,Medium
16808.0,98,2,288.42,144.21,298.48923,Low
16809.0,22,6,912.74,152.12333333333333,884.81604,Medium
16810.0,191,2,275.64,137.82,294.347,Low
16811.0,4,2,547.07,273.535,571.07117,Medium
16812.0,360,1,479.35,479.35,482.83417,Medium
16813.0,7,10,1692.98,169.298,1677.1686,High
16814.0,13,22,6500.6,295.4818181818182,6459.138,High
16816.0,102,4,417.06,104.265,415.44882,Medium
16817.0,2,13,1446.95,111.30384615384615,1526.0189,High
16818.0,10,13,3317.97,255.22846153846152,3269.2717,High
16820.0,95,1,497.61,497.61,507.1355,Medium
16823.0,226,1,358.38,358.38,350.04904,Low
16824.0,15,2,460.64,230.32,437.02872,Medium
16825.0,38,2,775.1800000000001,387.59000000000003,771.2765,Medium
16826.0,50,1,341.7,341.7,349.46628,Low
16828.0,92,2,128.5,64.25,124.30811,Low
16829.0,156,1,197.22,197.22,188.8427,Low
16830.0,38,1,325.91,325.91,329.54144,Low
16832.0,183,3,199.15,66.38333333333334,202.98602,Low
16833.0,0,4,1106.53,276.6325,1104.3962,Medium
16834.0,227,1,413.46,413.46,417.77588,Medium
16835.0,127,2,180.85,90.425,173.6853,Low
16836.0,39,2,251.87,125.935,270.4731,Low
16837.0,30,12,3167.73,263.9775,3144.243,High
16838.0,196,3,582.9,194.29999999999998,580.4418,Medium
16839.0,8,39,15357.78,393.7892307692308,15287.272,High
16841.0,36,7,1774.62,253.51714285714283,1768.9271,High
16842.0,63,4,1260.44,315.11,1294.2195,High
16843.0,42,17,10183.82,599.0482352941176,10228.525,High
16846.0,49,1,214.32,214.32,226.70073,Low
16847.0,42,1,193.44,193.44,188.51758,Low
16848.0,52,1,281.42,281.42,290.89587,Low
16849.0,186,1,124.57,124.57,127.82012,Low
16850.0,333,1,332.41,332.41,340.60568,Low
16851.0,3,3,342.45,114.14999999999999,336.38516,Low
16852.0,9,2,144.91000000000003,72.45500000000001,157.53104,Low
16855.0,23,2,328.4,164.2,327.92212,Low
16856.0,14,1,35.400000000000006,35.400000000000006,39.51942,Low
16858.0,365,2,345.89000000000004,172.94500000000002,350.30157,Low
16859.0,105,5,473.14,94.628,475.05908,Medium
16861.0,59,3,151.65,50.550000000000004,161.99554,Low
16863.0,28,4,481.35,120.3375,475.85477,Medium
16866.0,140,3,207.73999999999998,69.24666666666666,207.18445,Low
16869.0,22,5,805.62,161.124,794.1119,Medium
16871.0,21,7,2761.4900000000002,394.49857142857144,2777.3682,High
16872.0,76,3,680.02,226.67333333333332,673.3709,Medium
16873.0,4,10,7066.31,706.6310000000001,7174.2495,High
16875.0,63,9,2023.47,224.83,1950.4647,High
16877.0,11,6,853.72,142.28666666666666,823.3535,Medium
16878.0,24,2,0.0,0.0,2.8632958,Low
16880.0,30,7,1519.08,217.01142857142855,1524.3866,High
16881.0,66,1,432.0,432.0,424.2058,Medium
16882.0,66,3,705.12,235.04,733.6028,Medium
16883.0,186,2,276.73,138.365,294.347,Low
16884.0,37,2,429.84000000000003,214.92000000000002,420.4663,Medium
16885.0,14,3,471.51,157.17,468.72073,Medium
16887.0,34,1,194.88,194.88,194.03992,Low
16889.0,194,3,1578.67,526.2233333333334,1669.215,High
16891.0,1,5,809.7,161.94,802.8098,Medium
16892.0,0,7,496.84000000000003,70.97714285714287,469.3723,Medium
16893.0,366,1,145.93,145.93,149.30675,Low
16895.0,64,1,219.14,219.14,224.00467,Low
16897.0,298,3,213.03,71.01,199.66826,Low
16898.0,25,4,444.46,111.115,447.5631,Medium
16899.0,7,6,1281.56,213.59333333333333,1274.2997,High
16900.0,11,5,187.6900000000001,37.538000000000025,166.32008,Low
16902.0,115,1,1706.88,1706.88,1777.5104,High
16903.0,28,1,373.24,373.24,380.8281,Medium
16904.0,3,16,3754.27,234.641875,3701.8838,High
16905.0,4,8,3085.48,385.685,3041.77,High
16906.0,81,4,579.77,144.9425,579.0706,Medium
16907.0,28,5,981.65,196.32999999999998,1007.5491,Medium
16909.0,63,2,364.14,182.07,357.30923,Low
16910.0,3,8,1510.06,188.7575,1506.8109,High
16912.0,22,14,2528.67,180.61928571428572,2489.1243,High
16913.0,289,1,113.44,113.44,114.925865,Low
16914.0,35,1,208.46,208.46,205.91347,Low
16915.0,8,6,621.6800000000001,103.61333333333334,623.54114,Medium
16916.0,23,2,576.26,288.13,569.06714,Medium
16917.0,276,1,391.52,391.52,396.91467,Medium
16918.0,49,7,1043.34,149.04857142857142,1019.67334,Medium
16919.0,155,11,2596.45,236.04090909090908,2557.709,High
16921.0,60,1,169.79,169.79,166.66614,Low
16923.0,11,26,6666.83,256.41653846153844,7079.0996,High
16924.0,20,4,739.5,184.875,755.7055,Medium
16926.0,370,1,230.25,230.25,231.16876,Low
16927.0,115,3,543.05,181.01666666666665,550.09656,Medium
16928.0,79,19,2781.5,146.39473684210526,2782.0706,High
16929.0,3,7,1295.39,185.0557142857143,1344.7571,High
16930.0,25,3,380.55,126.85000000000001,385.11133,Medium
16931.0,4,21,4604.22,219.24857142857144,4618.8315,High
16932.0,52,1,161.94,161.94,164.11388,Low
16933.0,0,5,530.08,106.016,520.83875,Medium
16934.0,54,2,950.9300000000001,475.46500000000003,958.1731,Medium
16936.0,25,1,262.68,262.68,250.43268,Low
16938.0,8,5,1903.13,380.62600000000003,1994.5868,High
16940.0,51,3,3049.88,1016.6266666666667,3015.8303,High
16942.0,12,10,1894.11,189.411,1853.4833,High
16943.0,211,3,816.73,272.24333333333334,789.6364,Medium
16945.0,21,19,4345.5,228.71052631578948,4095.9832,High
16947.0,235,1,406.48,406.48,405.45773,Medium
16948.0,138,3,435.02,145.00666666666666,438.0421,Medium
16949.0,3,7,1161.27,165.8957142857143,1170.2264,High
16950.0,56,3,1178.56,392.8533333333333,1144.4746,High
16951.0,122,4,1262.75,315.6875,1269.9167,High
16952.0,108,2,167.61,83.805,159.821,Low
16953.0,29,1,20.8,20.8,4.786235,Low
16954.0,0,9,2085.08,231.67555555555555,2023.2456,High
16955.0,184,5,493.67,98.73400000000001,526.0548,Medium
16956.0,8,2,292.34,146.17,296.66556,Low
16957.0,238,2,416.64,208.32,384.82043,Medium
16959.0,86,1,117.35000000000001,117.35000000000001,121.87723,Low
16960.0,38,3,507.05,169.01666666666668,488.8954,Medium
16961.0,115,1,234.17,234.17,230.41582,Low
16963.0,186,1,110.55000000000001,110.55000000000001,118.54263,Low
16965.0,226,1,201.19,201.19,197.40776,Low
16966.0,7,10,2148.47,214.84699999999998,2091.3906,High
16967.0,188,1,319.02,319.02,316.71518,Low
16968.0,3,2,439.43,219.715,425.21707,Medium
16969.0,38,3,650.41,216.8033333333333,677.51825,Medium
16971.0,2,2,232.20999999999998,116.10499999999999,225.67532,Low
16976.0,266,1,251.51999999999998,251.51999999999998,250.06438,Low
16978.0,77,1,344.33,344.33,348.934,Low
16979.0,3,8,1809.05,226.13125,1817.1245,High
16980.0,254,2,1078.96,539.48,1082.637,Medium
16982.0,60,1,384.06,384.06,386.5462,Medium
16983.0,12,8,1920.2,240.025,1918.3969,High
16984.0,77,5,4392.42,878.484,4359.3423,High
16985.0,16,11,5461.62,496.5109090909091,5430.413,High
16986.0,29,2,1873.2,936.6,1839.4742,High
16987.0,2,7,1625.05,232.15,1673.308,High
16988.0,4,1,126.12,126.12,121.528244,Low
16989.0,6,6,1133.25,188.875,1190.9484,High
16990.0,218,1,179.0,179.0,178.9688,Low
16992.0,10,6,1601.8600000000001,266.9766666666667,1658.6229,High
16995.0,371,1,-1.25,-1.25,38.618862,Low
16996.0,29,9,1427.46,158.60666666666668,1491.9755,High
16997.0,287,3,702.0,234.0,721.8275,Medium
16998.0,149,6,287.02000000000004,47.83666666666667,299.91556,Low
16999.0,22,2,484.82,242.41,497.37628,Medium
17001.0,0,11,3989.57,362.6881818181818,4011.6716,High
17002.0,72,4,1487.78,371.945,1480.6753,High
17004.0,45,2,1412.94,706.47,1413.6881,High
17006.0,4,4,781.78,195.445,787.53296,Medium
17007.0,50,7,877.4300000000001,125.34714285714287,925.8607,Medium
17010.0,16,2,185.46,92.73,177.63599,Low
17011.0,29,1,270.9,270.9,290.30255,Low
17014.0,7,4,565.58,141.395,580.9046,Medium
17015.0,28,3,1842.56,614.1866666666666,1889.6138,High
17017.0,2,27,8574.11,317.5596296296296,8685.876,High
17018.0,40,2,920.1,460.05,926.8956,Medium
17019.0,10,4,1272.61,318.1525,1307.3591,High
17022.0,30,1,71.0,71.0,46.22834,Low
17024.0,44,3,95.85,31.95,99.33151,Low
17025.0,60,3,357.77,119.25666666666666,337.65457,Low
17026.0,184,2,154.82999999999998,77.41499999999999,157.2571,Low
17027.0,78,7,848.59,121.22714285714287,857.97766,Medium
17029.0,110,2,716.0,358.0,714.6637,Medium
17030.0,63,1,146.87,146.87,144.21446,Low
17031.0,11,2,380.35,190.175,380.2861,Medium
17033.0,85,3,1030.14,343.38000000000005,1009.87726,Medium
17034.0,15,4,734.5699999999999,183.64249999999998,755.93115,Medium
17035.0,245,3,388.33,129.44333333333333,387.02826,Medium
17037.0,77,2,1253.22,626.61,1264.2112,High
17038.0,29,1,112.4,112.4,115.78297,Low
17040.0,137,1,449.73,449.73,455.73068,Medium
17041.0,26,4,1065.77,266.4425,1092.1453,Medium
17042.0,2,5,1044.3799999999999,208.87599999999998,1049.1501,Medium
17043.0,31,4,1735.18,433.795,1768.7017,High
17044.0,8,3,897.4300000000001,299.1433333333334,903.91943,Medium
17045.0,112,3,339.44,113.14666666666666,330.1354,Low
17046.0,156,1,642.02,642.02,646.75244,Medium
17047.0,84,3,1100.9,366.9666666666667,1112.6152,Medium
17048.0,114,6,864.32,144.05333333333334,807.6001,Medium
17049.0,2,11,5594.78,508.6163636363636,5593.989,High
17050.0,95,6,3228.84,538.14,3185.4824,High
17051.0,193,1,247.14000000000001,247.14000000000001,249.0911,Low
17052.0,27,1,413.75,413.75,420.54266,Medium
17053.0,128,2,496.38,248.19,511.41977,Medium
17054.0,27,6,1353.83,225.63833333333332,1362.4855,High
17058.0,81,3,1179.89,393.2966666666667,1143.9421,High
17059.0,29,5,3095.04,619.008,3009.3271,High
17060.0,265,1,234.24,234.24,231.77203,Low
17061.0,73,12,5116.13,426.3441666666667,5126.802,High
17062.0,313,5,534.47,106.894,547.5373,Medium
17063.0,8,11,1421.59,129.23545454545453,1423.2887,High
17064.0,58,3,859.35,286.45,876.00543,Medium
17065.0,142,1,-112.35,-112.35,-166.03615,Low
17068.0,11,22,4531.34,205.97,4438.793,High
17069.0,27,13,2655.2200000000003,204.24769230769232,2659.1782,High
17070.0,113,1,312.14,312.14,314.75323,Low
17071.0,8,14,2385.48,170.39142857142858,2367.6982,High
17073.0,17,4,1446.09,361.5225,1444.1909,High
17075.0,17,5,813.77,162.754,794.171,Medium
17076.0,35,3,841.0799999999999,280.35999999999996,805.9256,Medium
17078.0,35,2,378.2,189.1,377.3951,Medium
17079.0,77,1,118.80000000000001,118.80000000000001,115.00077,Low
17080.0,21,3,285.5,95.16666666666667,275.547,Low
17081.0,24,2,290.16,145.08,299.4599,Low
17082.0,32,2,2003.85,1001.925,2012.6411,High
17083.0,108,3,1405.78,468.5933333333333,1375.081,High
17084.0,34,2,2949.75,1474.875,2931.7358,High
17085.0,122,6,1555.05,259.175,1627.1234,High
17086.0,6,6,2050.08,341.68,2032.5515,High
17088.0,27,4,1991.01,497.7525,1971.5906,High
17090.0,3,8,2041.8500000000001,255.23125000000002,2027.2355,High
17091.0,2,10,3802.81,380.281,3763.8164,High
17092.0,49,4,1777.78,444.445,1768.0037,High
17094.0,317,2,270.20000000000005,135.10000000000002,275.3281,Low
17095.0,21,6,1088.2,181.36666666666667,1116.0261,Medium
17096.0,8,7,992.6800000000001,141.8114285714286,973.03406,Medium
17097.0,1,9,937.92,104.21333333333332,977.5131,Medium
17100.0,17,2,971.74,485.87,948.4425,Medium
17101.0,9,4,1621.73,405.4325,1665.417,High
17102.0,261,1,25.5,25.5,-1.5820514,Low
17105.0,158,2,665.78,332.89,664.25446,Medium
17107.0,32,7,10380.43,1482.9185714285716,10441.008,High
17109.0,28,8,869.6800000000001,108.71000000000001,893.66254,Medium
17110.0,164,1,163.29999999999998,163.29999999999998,168.22655,Low
17111.0,46,1,248.61,248.61,248.24226,Low
17114.0,5,10,747.22,74.72200000000001,756.38654,Medium
17115.0,7,5,806.9000000000001,161.38000000000002,793.87787,Medium
17117.0,287,1,116.19999999999999,116.19999999999999,121.82226,Low
17118.0,317,1,157.02,157.02,158.14795,Low
17119.0,2,3,593.61,197.87,584.5581,Medium
17120.0,232,1,307.46,307.46,313.06448,Low
17122.0,118,1,138.32,138.32,142.32027,Low
17123.0,161,1,345.29999999999995,345.29999999999995,346.76538,Low
17124.0,184,1,298.89,298.89,301.2925,Low
17125.0,49,1,259.35,259.35,245.58678,Low
17126.0,151,7,991.85,141.69285714285715,974.1548,Medium
17128.0,334,1,157.09,157.09,158.14795,Low
17131.0,4,5,2463.17,492.634,2478.8982,High
17133.0,15,7,4892.240000000001,698.8914285714287,4884.1704,High
17134.0,106,2,425.0,212.5,426.1336,Medium
17135.0,15,7,1139.73,162.81857142857143,1155.7971,High
17138.0,275,1,380.5,380.5,385.20154,Medium
17139.0,15,15,10585.57,705.7046666666666,10512.756,High
17140.0,246,1,465.32,465.32,466.75757,Medium
17142.0,238,1,579.0,579.0,588.64105,Medium
17144.0,0,2,984.57,492.285,992.8808,Medium
17146.0,105,3,749.78,249.92666666666665,758.8087,Medium
17147.0,22,6,1679.64,279.94,1713.598,High
17148.0,51,1,124.88,124.88,121.11524,Low
17152.0,194,4,1503.5,375.875,1489.6084,High
17153.0,23,1,213.78,213.78,230.51831,Low
17154.0,74,1,329.34,329.34,333.69855,Low
17155.0,17,2,251.70000000000002,125.85000000000001,267.37726,Low
17157.0,7,3,306.55,102.18333333333334,317.5499,Low
17158.0,31,3,1266.97,422.3233333333333,1243.5396,High
17159.0,21,4,1534.73,383.6825,1638.7012,High
17160.0,30,6,3518.03,586.3383333333334,3607.8787,High
17162.0,28,11,1707.21,155.2009090909091,1722.5248,High
17163.0,21,2,293.1,146.55,296.60645,Low
17164.0,32,8,2466.4,308.3,2500.9514,High
17165.0,283,1,158.68,158.68,158.14795,Low
17166.0,38,3,189.49,63.163333333333334,202.84875,Low
17169.0,49,4,816.88,204.22,818.7839,Medium
17171.0,288,1,224.91,224.91,232.58264,Low
17172.0,74,2,313.26,156.63,315.21017,Low
17173.0,4,9,3755.65,417.2944444444445,3812.7117,High
17174.0,217,1,59.9,59.9,58.298904,Low
17175.0,43,5,1430.94,286.188,1464.0953,High
17176.0,201,1,306.13,306.13,313.06448,Low
17179.0,177,3,711.79,237.26333333333332,727.03595,Medium
17180.0,55,6,780.38,130.06333333333333,776.3766,Medium
17181.0,56,2,239.92000000000002,119.96000000000001,231.0533,Low
17183.0,7,8,3286.9100000000003,410.86375000000004,3229.3965,High
17186.0,46,2,144.0,72.0,156.5862,Low
17187.0,226,1,203.95,203.95,202.07246,Low
17188.0,10,9,2275.58,252.8422222222222,2290.5532,High
17189.0,105,2,384.40000000000003,192.20000000000002,369.5562,Low
17190.0,58,3,249.74,83.24666666666667,243.2304,Low
17191.0,27,7,2095.13,299.30428571428575,2112.1926,High
17193.0,35,9,1674.46,186.0511111111111,1677.5273,High
17194.0,273,2,262.62,131.31,275.3281,Low
17197.0,29,1,1013.01,1013.01,999.4614,Medium
17198.0,23,3,692.22,230.74,727.1135,Medium
17201.0,53,1,342.63,342.63,349.46628,Low
17203.0,35,6,3563.85,593.975,3605.6704,High
17204.0,168,9,1352.91,150.32333333333335,1371.4316,High
17205.0,53,1,384.08,384.08,386.5462,Medium
17206.0,52,1,204.24,204.24,200.88055,Low
17211.0,26,9,2299.67,255.5188888888889,2307.0906,High
17212.0,252,1,226.85,226.85,232.58264,Low
17213.0,39,11,2741.08,249.1890909090909,2736.433,High
17214.0,59,7,984.12,140.58857142857144,973.17084,Medium
17217.0,233,1,113.5,113.5,114.925865,Low
17218.0,3,10,1960.72,196.072,1960.3324,High
17219.0,31,1,114.23,114.23,118.52567,Low
17220.0,23,14,3198.25,228.44642857142858,3333.8472,High
17221.0,6,2,335.13,167.565,342.38907,Low
17222.0,64,1,354.15,354.15,351.1692,Low
17223.0,309,2,426.79,213.395,427.8819,Medium
17226.0,308,1,393.49,393.49,396.91467,Medium
17227.0,18,6,939.32,156.55333333333334,989.50555,Medium
17228.0,15,8,1906.09,238.26125,1874.7303,High
17229.0,95,2,318.76,159.38,317.60596,Low
17230.0,263,11,3466.67,315.1518181818182,3485.3687,High
17231.0,11,14,3127.82,223.4157142857143,3365.9258,High
17232.0,2,2,421.52,210.76,418.93768,Medium
17233.0,34,1,190.88,190.88,191.98048,Low
17234.0,182,1,149.89000000000001,149.89000000000001,148.90076,Low
17235.0,24,2,550.06,275.03,567.5902,Medium
17236.0,12,6,916.13,152.68833333333333,885.3702,Medium
17237.0,10,2,314.69,157.345,317.92865,Low
17238.0,2,17,3744.65,220.2735294117647,3781.7537,High
17239.0,312,2,379.95,189.975,371.3045,Low
17242.0,107,2,1135.04,567.52,1103.141,Medium
17243.0,0,30,8628.55,287.6183333333333,8653.558,High
17244.0,52,1,954.9,954.9,1001.2688,Medium
17245.0,204,1,171.45,171.45,172.13503,Low
17247.0,14,1,282.19,282.19,296.15482,Low
17248.0,119,1,318.65,318.65,317.1927,Low
17250.0,3,2,384.52,192.26,375.09396,Medium
17251.0,362,1,283.28000000000003,283.28000000000003,293.04022,Low
17252.0,116,2,353.86,176.93,352.79178,Low
17253.0,17,1,178.26,178.26,177.60828,Low
17254.0,4,2,272.44,136.22,268.14288,Low
17255.0,40,2,298.41,149.205,304.21487,Low
17256.0,106,2,240.0,120.0,233.14131,Low
17259.0,147,2,603.37,301.685,598.8166,Medium
17262.0,51,5,1253.3600000000001,250.67200000000003,1169.7262,High
17263.0,207,1,63.440000000000005,63.440000000000005,63.0973,Low
17265.0,138,2,562.9,281.45,572.98724,Medium
17266.0,1,3,310.64,103.54666666666667,311.66687,Low
17267.0,126,2,317.62,158.81,317.60596,Low
17268.0,107,4,763.64,190.91,767.10077,Medium
17272.0,41,5,2144.53,428.90600000000006,2142.6445,High
17274.0,34,1,111.97999999999999,111.97999999999999,116.272675,Low
17277.0,227,2,1065.3500000000001,532.6750000000001,1066.754,Medium
17278.0,240,1,246.04,246.04,237.07193,Low
17279.0,57,1,187.82999999999998,187.82999999999998,187.92139,Low
17282.0,129,3,1703.41,567.8033333333334,1734.3585,High
17284.0,59,7,1641.68,234.5257142857143,1697.43,High
17286.0,21,1,153.92,153.92,156.64227,Low
17287.0,25,7,1064.11,152.01571428571427,1052.0349,Medium
17288.0,8,7,1419.73,202.81857142857143,1428.9792,High
17289.0,31,4,936.16,234.04,922.9472,Medium
17290.0,3,2,525.24,262.62,523.43494,Medium
17291.0,307,1,550.8000000000001,550.8000000000001,574.36597,Medium
17293.0,7,9,1875.1100000000001,208.34555555555556,1867.2577,High
17295.0,28,3,556.95,185.65,566.1886,Medium
17297.0,16,1,131.78,131.78,127.99368,Low
17298.0,100,2,498.42,249.21,509.68365,Medium
17299.0,11,4,669.11,167.2775,672.1612,Medium
17301.0,20,1,197.63,197.63,196.70525,Low
17302.0,14,6,1119.93,186.655,1176.3939,High
17303.0,360,1,250.04,250.04,248.65053,Low
17306.0,10,21,8600.73,409.5585714285714,8670.548,High
17307.0,364,1,-152.64000000000001,-152.64000000000001,-314.59705,Low
17309.0,94,1,82.75,82.75,83.84102,Low
17311.0,77,2,1384.85,692.425,1333.3407,High
17312.0,138,3,644.3,214.76666666666665,650.73486,Medium
17313.0,17,2,2288.13,1144.065,2313.587,High
17314.0,24,11,2514.76,228.61454545454546,2461.1667,High
17315.0,0,43,6204.46,144.28976744186048,4614.0503,High
17317.0,45,5,2524.02,504.804,2577.7295,High
17320.0,99,3,1200.6200000000001,400.2066666666667,1155.96,High
17321.0,7,2,700.86,350.43,704.76056,Medium
17323.0,14,9,908.99,100.99888888888889,933.8083,Medium
17324.0,17,4,990.23,247.5575,956.9378,Medium
17325.0,279,1,96.8,96.8,94.21461,Low
17329.0,13,2,523.11,261.555,521.0859,Medium
17330.0,22,2,363.9,181.95,365.17398,Low
17331.0,123,1,175.2,175.2,177.98074,Low
17333.0,85,1,494.25,494.25,499.8663,Medium
17334.0,300,3,306.6,102.2,300.3059,Low
17337.0,150,7,1944.32,277.76,1923.3466,High
17338.0,16,10,6612.18,661.2180000000001,6793.931,High
17339.0,93,2,243.36,121.68,233.14131,Low
17340.0,8,16,11891.18,743.19875,12156.244,High
17341.0,156,3,781.36,260.4533333333333,762.34937,Medium
17343.0,354,1,193.64,193.64,189.70949,Low
17344.0,45,1,160.57,160.57,164.11388,Low
17345.0,14,4,537.74,134.435,533.4958,Medium
17346.0,3,16,2611.58,163.22375,2636.7268,High
17347.0,85,1,228.96,228.96,231.22643,Low
17348.0,14,5,1159.52,231.904,1105.1222,Medium
17349.0,178,1,110.75,110.75,118.54263,Low
17350.0,7,5,1256.19,251.238,1178.9044,High
17351.0,35,3,587.15,195.71666666666667,587.8324,Medium
17353.0,128,2,1740.0,870.0,1742.7917,High
17354.0,50,1,1393.06,1393.06,1409.8156,High
17356.0,311,1,178.22,178.22,177.50563,Low
17357.0,23,2,388.14,194.07,378.84473,Medium
17358.0,302,2,365.85,182.925,361.02567,Low
17359.0,10,1,127.86,127.86,126.2557,Low
17360.0,16,3,585.79,195.26333333333332,589.9919,Medium
17361.0,48,3,488.2,162.73333333333332,461.64578,Medium
17362.0,238,2,312.23,156.115,319.35425,Low
17364.0,0,12,4455.73,371.3108333333333,4453.001,High
17365.0,12,8,4801.56,600.195,5032.896,High
17367.0,237,1,168.4,168.4,172.13503,Low
17368.0,22,9,1349.52,149.94666666666666,1371.9941,High
17370.0,72,4,446.18,111.545,440.11887,Medium
17371.0,16,3,423.89,141.29666666666665,429.08566,Medium
17372.0,40,8,1342.68,167.835,1329.573,High
17373.0,39,4,646.92,161.73,647.77826,Medium
17374.0,218,2,495.77,247.885,513.168,Medium
17375.0,189,4,372.5,93.125,364.45334,Low
17376.0,70,2,203.2,101.6,208.03922,Low
17377.0,23,21,3925.92,186.94857142857143,3933.996,High
17379.0,10,1,404.66,404.66,408.78296,Medium
17381.0,8,30,20272.43,675.7476666666666,20276.96,High
17382.0,64,1,65.4,65.4,40.96328,Low
17383.0,3,1,199.29,199.29,198.9476,Low
17384.0,18,2,336.4,168.2,352.26352,Low
17385.0,14,1,261.11,261.11,250.8457,Low
17386.0,7,6,2686.42,447.7366666666667,2646.4436,High
17387.0,19,2,784.11,392.055,769.354,Medium
17388.0,77,4,1259.56,314.89,1298.1628,High
17389.0,0,43,31300.079999999998,727.9088372093023,31272.818,High
17391.0,163,2,508.8,254.4,511.9522,Medium
17392.0,306,2,457.91,228.955,435.72006,Medium
17394.0,218,1,203.86999999999998,203.86999999999998,202.07246,Low
17396.0,38,8,7330.8,916.35,7438.866,High
17397.0,21,2,696.41,348.205,705.4236,Medium
17398.0,114,3,653.38,217.79333333333332,669.74225,Medium
17400.0,125,5,2129.96,425.992,2147.6475,High
17402.0,4,13,2633.85,202.60384615384615,2629.32,High
17403.0,35,1,281.62,281.62,299.1526,Low
17404.0,3,18,30300.82,1683.378888888889,30295.254,High
17405.0,0,5,967.22,193.44400000000002,976.39276,Medium
17406.0,329,5,1928.72,385.744,1977.7179,High
17408.0,162,1,32.65,32.65,13.779041,Low
17409.0,184,2,771.85,385.925,755.9504,Medium
17410.0,15,5,1214.72,242.94400000000002,1176.2563,High
17411.0,11,4,748.94,187.235,759.94995,Medium
17412.0,2,7,1258.06,179.72285714285712,1285.6423,High
17414.0,43,2,778.0,389.0,768.51086,Medium
17415.0,79,1,507.84,507.84,499.64667,Medium
17416.0,29,9,6838.34,759.8155555555555,6838.6616,High
17418.0,41,2,463.46000000000004,231.73000000000002,497.2004,Medium
17419.0,10,14,4200.97,300.06928571428574,4283.2476,High
17420.0,49,3,598.83,199.61,601.27155,Medium
17422.0,15,10,1853.1299999999999,185.313,1848.131,High
17423.0,44,4,663.63,165.9075,661.06323,Medium
17425.0,18,2,759.17,379.585,754.25586,Medium
17426.0,3,7,5022.26,717.4657142857143,4719.699,High
17427.0,71,1,100.8,100.8,95.05348,Low
17428.0,0,33,17078.45,517.5287878787879,17087.516,High
17429.0,120,4,512.12,128.03,507.78928,Medium
17430.0,32,2,265.76,132.88,277.6912,Low
17431.0,312,1,403.3,403.3,405.45773,Medium
17432.0,17,2,365.76,182.88,365.7997,Low
17433.0,87,1,303.15999999999997,303.15999999999997,301.2925,Low
17434.0,1,9,2333.42,259.2688888888889,2305.1267,High
17436.0,1,2,216.29999999999998,108.14999999999999,226.45741,Low
17438.0,246,2,378.3,189.15,371.3045,Low
17440.0,147,5,177.1,35.42,210.70726,Low
17442.0,28,10,2210.2599999999998,221.02599999999998,2291.354,High
17443.0,219,1,534.24,534.24,544.87476,Medium
17444.0,147,3,2940.04,980.0133333333333,2991.382,High
17446.0,176,2,120.9,60.45,117.33152,Low
17447.0,39,2,541.53,270.765,566.0554,Medium
17448.0,144,1,-4287.63,-4287.63,-2132.7307,Low
17449.0,1,8,2504.86,313.1075,2484.9363,High
17450.0,7,55,187482.17,3408.7667272727276,182953.58,High
17451.0,0,10,1648.95,164.895,1609.032,High
17453.0,17,2,486.71999999999997,243.35999999999999,497.4354,Medium
17454.0,191,4,517.53,129.3825,507.78928,Medium
17455.0,203,1,131.7,131.7,130.66818,Low
17456.0,364,1,249.86,249.86,248.65053,Low
17457.0,126,5,1737.7,347.54,1763.1135,High
17458.0,14,1,316.5,316.5,321.1588,Low
17459.0,42,2,657.3,328.65,653.3478,Medium
17460.0,78,8,452.63,56.57875,464.5307,Medium
17461.0,22,3,757.46,252.48666666666668,774.594,Medium
17462.0,50,3,662.94,220.98000000000002,669.3671,Medium
17463.0,15,6,1881.36,313.56,1794.2568,High
17464.0,157,1,289.96000000000004,289.96000000000004,289.77444,Low
17466.0,9,2,763.28,381.64,757.6409,Medium
17468.0,9,2,137.0,68.5,124.234985,Low
17469.0,15,6,1843.06,307.1766666666667,1826.7404,High
17470.0,44,5,1125.07,225.01399999999998,1074.7802,Medium
17472.0,190,3,710.29,236.76333333333332,727.03595,Medium
17475.0,78,1,194.37,194.37,188.69923,Low
17480.0,73,2,506.51,253.255,506.78137,Medium
17481.0,3,5,1249.34,249.868,1184.2423,High
17483.0,64,3,414.04,138.01333333333335,420.20004,Medium
17486.0,260,1,396.87,396.87,396.91467,Medium
17489.0,58,2,376.64,188.32,374.68506,Medium
17490.0,0,11,1926.8799999999999,175.17090909090908,1904.37,High
17491.0,0,11,3541.92,321.9927272727273,3576.5042,High
17492.0,247,1,374.57,374.57,381.8165,Medium
17495.0,7,2,497.56,248.78,514.1834,Medium
17496.0,358,1,271.05,271.05,285.4055,Low
17498.0,75,1,272.22,272.22,282.95337,Low
17499.0,289,1,622.88,622.88,612.5377,Medium
17500.0,16,3,1138.0,379.3333333333333,1123.1211,Medium
17501.0,220,2,288.6,144.3,299.84546,Low
17502.0,8,4,689.1,172.275,697.9298,Medium
17503.0,2,2,558.96,279.48,573.7117,Medium
17504.0,205,10,2745.2799999999997,274.52799999999996,2771.1958,High
17505.0,161,2,1145.84,572.92,1103.5331,Medium
17506.0,69,2,294.29,147.145,294.25485,Low
17507.0,261,2,605.58,302.79,600.5649,Medium
17508.0,280,1,387.31,387.31,394.58426,Medium
17509.0,57,11,6100.74,554.6127272727273,5710.276,High
17510.0,24,1,308.48,308.48,320.78033,Low
17511.0,2,46,88125.38,1915.7691304347827,88141.69,High
17512.0,28,11,2920.04,265.4581818181818,2889.7258,High
17513.0,71,1,513.2,513.2,506.6313,Medium
17514.0,127,1,208.65,208.65,233.72186,Low
17515.0,30,4,639.02,159.755,650.85077,Medium
17516.0,14,5,768.08,153.616,749.5326,Medium
17517.0,308,1,153.94,153.94,158.14795,Low
17519.0,16,7,1839.07,262.7242857142857,1817.1967,High
17520.0,53,1,546.81,546.81,552.5265,Medium
17521.0,23,4,721.9599999999999,180.48999999999998,770.57007,Medium
17522.0,1,5,1070.71,214.142,1055.6968,Medium
17523.0,10,4,652.74,163.185,651.1573,Medium
17524.0,360,1,145.0,145.0,146.58487,Low
17525.0,359,1,422.70000000000005,422.70000000000005,418.143,Medium
17526.0,0,8,706.7,88.3375,619.84314,Medium
17527.0,53,6,888.86,148.14333333333335,859.13605,Medium
17528.0,0,11,3540.1,321.8272727272727,3576.5042,High
17530.0,0,10,2385.0,238.5,2450.6199,High
17531.0,120,2,293.45,146.725,296.34286,Low
17534.0,53,1,223.36,223.36,229.02441,Low
17535.0,279,1,164.4,164.4,169.58276,Low
17536.0,176,1,76.5,76.5,76.725334,Low
17537.0,29,2,897.62,448.81,907.21936,Medium
17538.0,25,1,98.42,98.42,97.545746,Low
17540.0,8,3,570.4,190.13333333333333,576.22144,Medium
17542.0,269,1,170.75,170.75,172.13503,Low
17545.0,42,3,645.96,215.32000000000002,664.3251,Medium
17547.0,371,1,-11.8,-11.8,-10.99812,Low
17548.0,217,3,-141.48,-47.16,-918.19745,Low
17549.0,23,2,148.86,74.43,162.75171,Low
17550.0,196,3,267.16,89.05333333333334,252.81189,Low
17551.0,358,1,306.84,306.84,311.6506,Low
17552.0,42,6,909.96,151.66,886.62897,Medium
17553.0,129,1,1487.6,1487.6,1423.9791,High
17554.0,0,5,1952.45,390.49,1958.2664,High
17555.0,19,2,483.26,241.63,497.4354,Medium
17556.0,205,1,157.9,157.9,158.14795,Low
17557.0,13,3,541.46,180.48666666666668,561.73193,Medium
17560.0,94,5,854.95,170.99,810.2431,Medium
17561.0,18,1,167.62,167.62,169.20789,Low
17562.0,13,8,1107.38,138.4225,1092.2766,Medium
17564.0,23,3,454.01,151.33666666666667,452.7394,Medium
17566.0,7,2,901.21,450.605,917.97595,Medium
17567.0,6,10,4012.56,401.256,4076.481,High
17569.0,331,1,344.14,344.14,348.1216,Low
17571.0,49,4,1498.51,374.6275,1480.8999,High
17572.0,70,4,226.75000000000003,56.68750000000001,221.97516,Low
17573.0,28,4,362.9,90.725,374.64743,Medium
17574.0,242,1,185.65,185.65,185.06323,Low
17576.0,7,22,3457.78,157.1718181818182,3484.9956,High
17578.0,190,2,124.74,62.37,117.33152,Low
17579.0,4,4,440.2,110.05,444.03094,Medium
17580.0,252,3,215.72,71.90666666666667,232.96436,Low
17581.0,0,31,10736.11,346.3261290322581,10747.795,High
17582.0,235,1,175.27,175.27,176.51236,Low
17584.0,6,3,1227.3,409.09999999999997,1191.3821,High
17585.0,108,4,1133.07,283.2675,1132.562,High
17588.0,99,3,1240.2,413.40000000000003,1241.939,High
17589.0,59,4,2404.17,601.0425,2373.8633,High
17590.0,1,3,1479.22,493.0733333333333,1473.5734,High
17591.0,72,8,2215.02,276.8775,2222.1138,High
17593.0,3,6,3911.56,651.9266666666666,3865.7998,High
17594.0,84,2,993.18,496.59,999.03955,Medium
17595.0,11,2,388.79,194.395,380.77554,Medium
17596.0,22,7,2827.93,403.98999999999995,2808.3416,High
17597.0,213,1,2044.3700000000001,2044.3700000000001,1955.5496,High
17600.0,17,1,161.67000000000002,161.67000000000002,168.13622,Low
17601.0,238,1,116.00999999999999,116.00999999999999,119.21434,Low
17602.0,1,8,5050.77,631.34625,5030.854,High
17603.0,49,5,-1165.3,-233.06,-1117.4454,Low
17604.0,216,2,309.36,154.68,315.91208,Low
17608.0,32,2,193.42,96.71,213.1646,Low
17609.0,40,6,1103.92,183.98666666666668,1175.2771,High
17611.0,3,19,3947.87,207.78263157894736,3877.1465,High
17612.0,52,10,1992.76,199.276,1939.6588,High
17613.0,22,17,4509.37,265.2570588235294,4463.641,High
17614.0,56,1,390.07,390.07,398.25934,Medium
17615.0,129,3,329.6,109.86666666666667,330.1354,Low
17616.0,173,3,571.1999999999999,190.39999999999998,566.6713,Medium
17618.0,5,3,971.58,323.86,997.9383,Medium
17619.0,311,1,218.52,218.52,232.38206,Low
17620.0,59,1,81.44,81.44,76.45415,Low
17621.0,20,4,1336.1,334.025,1356.6313,High
17623.0,32,1,527.0500000000001,527.0500000000001,531.4849,Medium
17624.0,14,2,843.48,421.74,859.609,Medium
17625.0,17,4,2047.0,511.75,1962.7366,High
17628.0,80,1,75.75,75.75,72.90048,Low
17629.0,5,9,1784.12,198.23555555555555,1787.3918,High
17630.0,169,2,503.59999999999997,251.79999999999998,510.07568,Medium
17631.0,1,3,528.33,176.11,519.22284,Medium
17633.0,30,6,1242.34,207.05666666666664,1253.4446,High
17634.0,35,9,2361.9700000000003,262.4411111111111,2367.1033,High
17636.0,8,2,265.93,132.965,273.11642,Low
17637.0,30,2,547.0600000000001,273.53000000000003,571.0139,Medium
17639.0,275,1,108.5,108.5,114.20453,Low
17640.0,86,1,621.66,621.66,614.21826,Medium
17642.0,119,2,712.29,356.145,714.6637,Medium
17643.0,372,1,101.55,101.55,107.655205,Low
17644.0,0,17,2768.98,162.88117647058823,2758.0225,High
17646.0,218,4,995.6600000000001,248.91500000000002,957.2937,Medium
17647.0,64,1,133.06,133.06,122.60712,Low
17648.0,60,5,1789.55,357.90999999999997,1775.3811,High
17649.0,134,2,861.74,430.87,861.5152,Medium
17650.0,20,1,166.08,166.08,170.5658,Low
17651.0,11,14,3886.67,277.6192857142857,3895.855,High
17652.0,24,18,4737.13,263.1738888888889,4739.0215,High
17653.0,28,5,1175.88,235.17600000000002,1135.0071,High
17654.0,276,1,117.55,117.55,123.36963,Low
17655.0,10,8,2571.7400000000002,321.46750000000003,2523.6707,High
17656.0,72,5,1674.69,334.938,1599.0509,High
17658.0,10,3,485.88,161.96,470.5314,Medium
17659.0,3,14,2954.75,211.05357142857142,3039.045,High
17660.0,140,1,196.0,196.0,188.8427,Low
17663.0,25,9,1788.27,198.69666666666666,1786.8702,High
17664.0,18,2,604.64,302.32,591.99896,Medium
17666.0,3,2,728.16,364.08,732.45746,Medium
17667.0,65,5,2055.51,411.10200000000003,2070.897,High
17668.0,0,2,347.75,173.875,337.38687,Low
17669.0,42,7,3406.7200000000003,486.67428571428576,3380.1233,High
17670.0,227,1,205.7,205.7,202.07246,Low
17671.0,15,6,1284.08,214.01333333333332,1274.5928,High
17672.0,43,4,3106.62,776.655,3139.246,High
17673.0,0,7,1622.22,231.74571428571429,1652.8826,High
17674.0,73,2,551.04,275.52,560.5489,Medium
17675.0,0,41,20098.1,490.19756097560975,20090.787,High
17676.0,3,7,1383.27,197.60999999999999,1385.8679,High
17677.0,1,43,16219.22,377.19116279069766,16281.642,High
17678.0,263,1,298.11,298.11,302.64874,Low
17679.0,52,2,1992.1100000000001,996.0550000000001,2027.0964,High
17680.0,23,1,184.4,184.4,182.80269,Low
17682.0,9,7,2459.33,351.3328571428571,2480.6301,High
17684.0,43,1,239.41,239.41,228.2138,Low
17685.0,16,7,3191.53,455.9328571428572,3247.3525,High
17686.0,6,7,5739.46,819.9228571428572,5741.602,High
17690.0,29,16,4748.45,296.778125,4749.5405,High
17691.0,357,2,290.40000000000003,145.20000000000002,300.52094,Low
17692.0,126,5,733.4399999999999,146.688,735.8633,Medium
17693.0,135,3,187.02,62.34,197.37346,Low
17694.0,141,1,283.12,283.12,293.09787,Low
17695.0,131,2,765.34,382.67,755.55835,Medium
17696.0,37,14,2201.05,157.21785714285716,2190.5261,High
17697.0,235,1,338.95,338.95,348.1216,Low
17698.0,260,1,154.95,154.95,158.14795,Low
17700.0,16,6,2508.89,418.1483333333333,2559.494,High
17701.0,252,1,417.95,417.95,417.77588,Medium
17702.0,29,6,1719.72,286.62,1746.7328,High
17703.0,34,3,798.74,266.24666666666667,782.96625,Medium
17704.0,168,2,885.19,442.595,909.9007,Medium
17705.0,2,10,1781.12,178.112,1774.2358,High
17706.0,3,22,10097.37,458.97136363636366,10137.389,High
17707.0,184,2,152.4,76.2,157.2571,Low
17708.0,187,2,267.08,133.54,273.97186,Low
17709.0,169,1,137.45,137.45,142.32027,Low
17711.0,10,2,385.1,192.55,380.2861,Medium
17712.0,44,1,522.91,522.91,526.1788,Medium
17714.0,320,1,153.0,153.0,155.24548,Low
17715.0,200,1,326.4,326.4,336.87988,Low
17716.0,22,12,5505.79,458.81583333333333,5564.4746,High
17718.0,231,1,139.35,139.35,143.6765,Low
17719.0,37,18,5367.8,298.2111111111111,5363.454,High
17720.0,25,4,1195.94,298.985,1245.1841,High
17722.0,95,6,2380.64,396.7733333333333,2342.3625,High
17723.0,126,6,3276.4000000000005,546.0666666666667,3264.8784,High
17724.0,57,4,995.6500000000001,248.91250000000002,948.05225,Medium
17725.0,15,14,3371.13,240.79500000000002,3481.7354,High
17727.0,8,2,1042.55,521.275,1023.46545,Medium
17728.0,3,5,2515.68,503.13599999999997,2548.7502,High
17730.0,2,15,5288.83,352.58866666666665,5326.079,High
17731.0,78,5,878.2,175.64000000000001,844.3945,Medium
17732.0,372,1,303.97,303.97,304.30405,Low
17733.0,38,2,692.19,346.095,663.70465,Medium
17734.0,53,3,700.63,233.54333333333332,733.6028,Medium
17735.0,1,19,13110.02,690.001052631579,13094.046,High
17736.0,8,4,337.49,84.3725,365.67105,Low
17737.0,8,2,168.24,84.12,163.61879,Low
17738.0,18,5,1863.35,372.66999999999996,1843.124,High
17739.0,11,8,2786.05,348.25625,2738.8308,High
17742.0,112,2,355.11,177.555,352.79178,Low
17744.0,3,7,2291.08,327.29714285714283,2297.3813,High
17746.0,234,2,98.8,49.4,101.51044,Low
17747.0,99,2,64.65,32.325,57.873817,Low
17749.0,177,2,674.52,337.26,664.25446,Medium
17750.0,4,9,1797.57,199.73,1783.6826,High
17752.0,358,1,80.64,80.64,80.76154,Low
17754.0,0,6,1739.92,289.9866666666667,1740.1185,High
17757.0,0,31,5585.49,180.17709677419353,5577.115,High
17758.0,18,8,3456.7000000000003,432.08750000000003,3433.9814,High
17759.0,16,3,834.99,278.33,780.64294,Medium
17760.0,21,2,287.59,143.795,298.7528,Low
17761.0,32,1,712.78,712.78,725.87787,Medium
17763.0,262,1,15.0,15.0,-10.812073,Low
17764.0,50,2,818.8199999999999,409.40999999999997,807.56476,Medium
17765.0,158,3,371.88,123.96,370.25177,Low
17767.0,14,1,271.2,271.2,288.52008,Low
17768.0,7,3,2273.1800000000003,757.7266666666668,2271.8066,High
17769.0,12,12,3960.63,330.0525,3970.7441,High
17770.0,198,5,1143.27,228.654,1073.7941,Medium
17771.0,56,2,245.81,122.905,231.0533,Low
17772.0,10,2,182.77,91.385,177.63599,Low
17774.0,96,5,1215.46,243.092,1149.5986,High
17775.0,254,1,56.4,56.4,58.298904,Low
17777.0,24,3,665.86,221.95333333333335,676.81134,Medium
17779.0,20,5,642.17,128.434,668.9082,Medium
17781.0,158,2,188.02,94.01,173.0033,Low
17783.0,71,2,283.47,141.735,292.25897,Low
17785.0,52,1,131.94,131.94,122.60712,Low
17786.0,84,2,278.74,139.37,294.347,Low
17787.0,152,4,1865.19,466.2975,1859.2539,High
17788.0,73,2,1117.9,558.95,1094.839,Medium
17789.0,280,1,225.9,225.9,232.58264,Low
17790.0,26,14,1965.55,140.39642857142857,1980.6885,High
17791.0,29,1,106.1,106.1,97.545746,Low
17793.0,24,1,323.04,323.04,320.9757,Low
17795.0,179,2,350.39,175.195,351.8224,Low
17796.0,39,4,697.9,174.475,694.5508,Medium
17797.0,21,3,780.43,260.1433333333333,768.61505,Medium
17799.0,21,11,3026.08,275.0981818181818,2969.84,High
17800.0,36,9,1199.01,133.22333333333333,1259.9183,High
17802.0,81,4,1251.84,312.96,1298.1628,High
17805.0,73,1,512.31,512.31,506.6313,Medium
17806.0,10,1,546.04,546.04,553.17377,Medium
17809.0,15,15,4627.62,308.508,4586.5537,High
17811.0,3,51,7677.71,150.54333333333332,7709.64,High
17812.0,12,4,732.16,183.04,756.74725,Medium
17813.0,13,7,1714.6,244.94285714285712,1681.3755,High
17816.0,36,4,36.56,9.14,46.07073,Low
17817.0,3,3,387.68,129.22666666666666,381.36057,Medium
17819.0,71,8,3661.0699999999997,457.63374999999996,3715.3425,High
17820.0,190,2,-24.05,-12.025,-35.30505,Low
17824.0,50,1,298.4,298.4,289.21597,Low
17827.0,4,5,1995.46,399.092,1988.9944,High
17828.0,8,9,1599.97,177.77444444444444,1606.4235,High
17829.0,298,1,889.24,889.24,875.71704,Medium
17830.0,1,3,398.7,132.9,388.26752,Medium
17831.0,32,1,35.400000000000006,35.400000000000006,38.773495,Low
17832.0,49,1,155.37,155.37,152.67905,Low
17835.0,2,3,350.64,116.88,338.75153,Low
17836.0,46,1,110.21000000000001,110.21000000000001,111.83776,Low
17837.0,41,10,1560.53,156.053,1574.8062,High
17838.0,26,6,2312.7,385.45,2335.323,High
17839.0,41,1,338.8,338.8,349.46628,Low
17841.0,1,169,40340.78,238.70284023668637,42935.055,High
17843.0,302,1,205.48,205.48,202.07246,Low
17844.0,106,1,51.559999999999995,51.559999999999995,48.35016,Low
17846.0,84,1,2033.1,2033.1,2050.9666,High
17848.0,80,9,901.1999999999999,100.13333333333333,919.9674,Medium
17849.0,217,4,605.8000000000001,151.45000000000002,619.8815,Medium
17850.0,301,35,5288.63,151.1037142857143,5127.359,High
17852.0,11,2,114.34,57.17,114.84482,Low
17854.0,184,2,311.26,155.63,314.55585,Low
17855.0,372,1,208.97,208.97,235.3895,Low
17856.0,1,6,1393.79,232.29833333333332,1417.412,High
17857.0,2,25,26763.34,1070.5336,26822.861,High
17858.0,5,12,5155.66,429.6383333333333,5149.3564,High
17859.0,304,1,148.21,148.21,150.25696,Low
17860.0,368,1,252.8,252.8,247.13109,Low
17861.0,2,9,2059.2,228.79999999999998,1959.6794,High
17862.0,323,1,330.9,330.9,336.87988,Low
17863.0,58,6,3160.0,526.6666666666666,3149.808,High
17864.0,12,3,597.5,199.16666666666666,610.1571,Medium
17865.0,30,27,10158.54,376.24222222222227,10158.928,High
17866.0,142,2,325.7,162.85,329.0408,Low
17867.0,29,8,622.75,77.84375,645.8614,Medium
17869.0,106,5,428.18,85.636,465.15665,Medium
17870.0,1,13,1889.4,145.33846153846156,1898.8077,High
17871.0,204,1,155.9,155.9,158.14795,Low
17873.0,79,6,1764.3600000000001,294.06,1803.6893,High
17874.0,184,7,658.26,94.03714285714285,670.17676,Medium
17877.0,169,1,237.61,237.61,230.41582,Low
17878.0,43,1,379.45,379.45,383.16116,Medium
17879.0,173,1,178.51999999999998,178.51999999999998,177.61258,Low
17880.0,364,1,458.92,458.92,461.6201,Medium
17881.0,303,1,133.35000000000002,133.35000000000002,130.66818,Low
17883.0,2,4,671.77,167.9425,666.7274,Medium
17884.0,3,4,717.45,179.3625,697.0627,Medium
17885.0,11,1,190.19,190.19,194.87148,Low
17886.0,31,3,899.61,299.87,901.6052,Medium
17887.0,128,1,111.35,111.35,119.22465,Low
17888.0,18,10,525.78,52.577999999999996,599.8887,Medium
17889.0,211,2,203.87,101.935,205.10712,Low
17890.0,322,2,602.09,301.045,600.5649,Medium
17891.0,161,1,203.85999999999999,203.85999999999999,200.71625,Low
17892.0,55,3,244.1,81.36666666666666,243.2304,Low
17893.0,224,1,112.25,112.25,114.20453,Low
17894.0,71,8,1119.81,139.97625,1109.9513,Medium
17895.0,43,1,98.0,98.0,93.00258,Low
17896.0,22,1,256.32,256.32,251.26009,Low
17897.0,172,4,541.1,135.275,525.0676,Medium
17898.0,84,2,152.06,76.03,157.9391,Low
17899.0,158,1,155.8,155.8,156.79172,Low
17900.0,164,4,15.0,3.75,58.27814,Low
17901.0,28,1,110.38,110.38,115.78297,Low
17904.0,20,2,178.92,89.46,177.31941,Low
17905.0,70,4,800.24,200.06,799.0224,Medium
17906.0,246,1,72.9,72.9,85.237045,Low
17908.0,373,1,243.28,243.28,237.38336,Low
17911.0,8,1,366.23,366.23,369.06662,Low
17912.0,309,6,295.61,49.26833333333334,296.24396,Low
17913.0,58,2,411.6,205.8,388.53534,Medium
17914.0,3,1,336.43,336.43,331.5431,Low
17917.0,44,3,341.28,113.75999999999999,330.7694,Low
17919.0,87,1,1304.04,1304.04,1240.4978,High
17920.0,3,17,4204.1,247.3,4385.6226,High
17921.0,63,4,826.52,206.63,818.7839,Medium
17923.0,281,1,207.50000000000003,207.50000000000003,202.07246,Low
17924.0,0,13,2894.33,222.64076923076922,2915.9097,High
17925.0,372,1,244.08,244.08,237.38336,Low
17926.0,132,2,397.29,198.645,378.40747,Medium
17928.0,44,2,212.54,106.27,205.92334,Low
17929.0,10,5,834.5,166.9,815.9965,Medium
17930.0,35,5,1740.48,348.096,1767.2083,High
17931.0,133,2,408.36,204.18,383.07217,Medium
17932.0,28,3,1331.57,443.8566666666666,1308.709,High
17934.0,51,2,704.25,352.125,712.18274,Medium
17935.0,137,2,145.79,72.895,157.9391,Low
17936.0,4,1,389.84,389.84,383.31998,Medium
17937.0,8,7,4301.22,614.46,4305.8853,High
17939.0,159,1,99.14,99.14,98.55271,Low
17940.0,48,14,1983.5800000000002,141.68428571428572,1989.0709,High
17941.0,130,1,304.56,304.56,311.70825,Low
17942.0,7,1,77.50000000000001,77.50000000000001,78.13072,Low
17946.0,232,2,149.57999999999998,74.78999999999999,150.42291,Low
17947.0,36,1,176.68,176.68,173.4633,Low
17948.0,146,1,358.56000000000006,358.56000000000006,351.72968,Low
17949.0,0,52,52750.84,1014.4392307692307,52754.945,High
17950.0,71,4,472.12,118.03,468.41052,Medium
17951.0,39,4,990.8400000000001,247.71000000000004,953.5588,Medium
17954.0,4,16,2295.37,143.460625,2126.3223,High
17955.0,198,4,557.3,139.325,580.23956,Medium
17956.0,248,1,12.75,12.75,-10.812073,Low
17957.0,65,1,111.68,111.68,111.83776,Low
17958.0,116,1,508.4599999999999,508.4599999999999,507.1355,Medium
17960.0,170,1,73.78,73.78,76.725334,Low
17961.0,20,39,1296.44,33.242051282051285,1292.542,High
17962.0,141,1,102.83,102.83,107.22687,Low
17964.0,31,2,471.7,235.85,502.15894,Medium
17965.0,37,14,2622.57,187.32642857142858,2587.2832,High
17966.0,37,5,1098.43,219.686,1056.8954,Medium
17967.0,371,1,123.07,123.07,136.81021,Low
17968.0,373,1,277.35,277.35,290.23145,Low
17969.0,165,2,228.2,114.1,229.85138,Low
17970.0,210,1,582.59,582.59,588.64105,Medium
17972.0,241,1,136.04,136.04,130.66818,Low
17973.0,51,1,337.04,337.04,341.95035,Low
17974.0,24,3,740.79,246.92999999999998,778.17175,Medium
17975.0,14,14,4393.61,313.8292857142857,4462.2607,High
17976.0,371,1,353.19,353.19,349.3671,Low
17977.0,28,1,288.14,288.14,288.21976,Low
17978.0,364,1,300.91999999999996,300.91999999999996,301.23486,Low
17979.0,35,5,737.81,147.56199999999998,745.4966,Medium
17980.0,165,3,811.45,270.48333333333335,768.14276,Medium
17984.0,144,1,152.68,152.68,153.88925,Low
17985.0,21,1,634.95,634.95,628.715,Medium
17986.0,55,1,20.8,20.8,4.0141473,Low
17987.0,184,1,198.57,198.57,196.05154,Low
17988.0,11,8,191.17000000000002,23.896250000000002,204.71193,Low
17990.0,236,3,630.84,210.28,661.8041,Medium
17991.0,224,2,93.35,46.675,101.51044,Low
17994.0,121,6,629.6899999999999,104.94833333333332,621.3731,Medium
17995.0,281,1,76.1,76.1,85.237045,Low
17997.0,73,12,1511.3,125.94166666666666,1503.2067,High
17999.0,36,2,382.06,191.03,375.23163,Medium
18001.0,11,2,417.23,208.615,424.3714,Medium
18004.0,361,1,169.47,169.47,170.72118,Low
18005.0,3,2,249.72,124.86,262.18512,Low
18006.0,22,1,444.68,444.68,445.25388,Medium
18008.0,69,9,2116.19,235.13222222222223,2040.306,High
18009.0,234,2,252.24,126.12,269.84464,Low
18010.0,256,1,174.8,174.8,176.51236,Low
18011.0,372,1,102.78999999999999,102.78999999999999,107.655205,Low
18013.0,154,2,187.29,93.645,173.0033,Low
18014.0,27,1,166.42,166.42,169.3501,Low
18015.0,3,1,120.03,120.03,115.26383,Low
18016.0,31,5,1483.56,296.712,1466.9197,High
18017.0,80,3,523.0,174.33333333333334,511.64398,Medium
18018.0,107,2,122.14,61.07,118.013535,Low
18019.0,51,1,38.45,38.45,37.024845,Low
18022.0,35,1,668.11,668.11,660.6061,Medium
18024.0,152,3,236.77999999999997,78.92666666666666,239.79854,Low
18027.0,98,1,115.31,115.31,118.54014,Low
18030.0,3,3,220.7,73.56666666666666,244.29266,Low
18032.0,333,1,73.5,73.5,75.94477,Low
18033.0,64,1,97.97,97.97,95.05348,Low
18034.0,21,2,422.88,211.44,424.3123,Medium
18035.0,35,3,730.4,243.46666666666667,742.3419,Medium
18036.0,31,3,405.62,135.20666666666668,389.4012,Medium
18037.0,153,6,70.02,11.67,85.84913,Low
18040.0,18,2,357.20000000000005,178.60000000000002,357.7181,Low
18041.0,11,22,4161.14,189.14272727272729,4142.2554,High
18042.0,53,1,165.04999999999998,165.04999999999998,164.11388,Low
18043.0,24,3,559.51,186.50333333333333,566.1886,Medium
18044.0,3,11,2085.65,189.60454545454547,2086.814,High
18045.0,44,1,189.4,189.4,186.94757,Low
18048.0,202,2,172.29000000000002,86.14500000000001,159.38762,Low
18050.0,358,1,74.4,74.4,80.76154,Low
18053.0,65,2,297.07,148.535,298.7083,Low
18055.0,6,11,6752.14,613.8309090909091,6756.7524,High
18056.0,287,1,363.65,363.65,355.58154,Low
18058.0,9,1,170.16,170.16,172.62782,Low
18059.0,8,4,296.71,74.1775,281.57986,Low
18061.0,21,10,2119.41,211.94099999999997,2067.4795,High
18062.0,172,3,720.52,240.17333333333332,729.3601,Medium
18064.0,132,2,814.0,407.0,804.03015,Medium
18065.0,5,15,2380.08,158.672,2365.8743,High
18066.0,74,1,318.0,318.0,315.36758,Low
18067.0,39,1,396.33,396.33,404.58905,Medium
18068.0,288,1,101.69999999999999,101.69999999999999,94.21461,Low
18069.0,25,7,2021.82,288.83142857142855,1977.1683,High
18071.0,257,2,453.0,226.5,435.72006,Medium
18072.0,154,2,-5.329070518200751e-15,-2.6645352591003757e-15,7.7920094,Low
18073.0,113,13,3864.44,297.2646153846154,3836.9438,High
18074.0,373,1,489.6,489.6,494.61075,Medium
18075.0,22,14,2538.7200000000003,181.33714285714288,2506.9905,High
18077.0,7,11,2633.0099999999998,239.36454545454544,2695.9055,High
18078.0,216,2,336.13,168.065,346.69537,Low
18079.0,44,4,3651.97,912.9925,3530.3352,High
18080.0,18,2,1231.5,615.75,1263.3214,High
18081.0,35,3,343.45,114.48333333333333,337.96365,Low
18082.0,25,1,703.37,703.37,701.8348,Medium
18084.0,15,2,87.52999999999999,43.76499999999999,99.73848,Low
18085.0,329,2,689.95,344.975,665.6107,Medium
18086.0,273,1,101.34,101.34,94.21461,Low
18087.0,97,4,3770.1199999999994,942.5299999999999,3990.5073,High
18088.0,60,1,167.67000000000002,167.67000000000002,165.18555,Low
18092.0,1,12,9065.76,755.48,9063.666,High
18093.0,92,5,2083.42,416.684,2172.0774,High
18094.0,81,7,3017.3,431.04285714285714,3030.284,High
18095.0,312,2,580.0500000000001,290.02500000000003,571.81683,Medium
18096.0,11,3,911.15,303.71666666666664,903.91943,Medium
18097.0,7,7,2692.85,384.6928571428571,2794.3755,High
18099.0,126,1,168.31,168.31,170.77881,Low
18101.0,10,2,223.65,111.825,230.14609,Low
18102.0,0,62,256438.49,4136.104677419355,256442.25,High
18104.0,36,1,754.64,754.64,777.6715,Medium
18105.0,37,1,113.48000000000002,113.48000000000002,115.55971,Low
18106.0,329,1,430.7,430.7,416.75592,Medium
18108.0,248,2,264.65,132.325,275.3281,Low
18109.0,1,31,7925.32,255.65548387096774,7924.437,High
18110.0,18,2,206.05,103.025,208.33409,Low
18112.0,11,2,352.69,176.345,357.7181,Low
18113.0,368,1,76.32000000000001,76.32000000000001,77.57838,Low
18114.0,289,1,220.1,220.1,230.78226,Low
18116.0,67,8,1418.03,177.25375,1381.8375,High
18117.0,25,1,320.72,320.72,320.9757,Low
18118.0,10,31,5595.77,180.50870967741938,5602.8657,High
18119.0,367,1,181.12,181.12,182.33447,Low
18120.0,213,1,111.15,111.15,114.20453,Low
18121.0,148,2,673.1,336.55,663.8624,Medium
18122.0,7,6,1826.21,304.36833333333334,1831.502,High
18123.0,23,2,589.4399999999999,294.71999999999997,603.1439,Medium
18125.0,29,5,1141.34,228.26799999999997,1082.8099,Medium
18126.0,60,1,206.82999999999998,206.82999999999998,200.88055,Low
18127.0,18,3,348.73,116.24333333333334,344.42435,Low
18129.0,242,1,112.55000000000001,112.55000000000001,114.20453,Low
18130.0,8,4,1045.74,261.435,1064.1218,Medium
18133.0,210,2,715.4999999999999,357.74999999999994,716.412,Medium
18135.0,28,5,681.9100000000001,136.382,686.81744,Medium
18136.0,62,4,761.83,190.4575,769.8506,Medium
18138.0,294,1,152.65,152.65,155.24548,Low
18139.0,16,8,8393.22,1049.1525,8452.607,High
18141.0,360,1,-35.400000000000006,-35.400000000000006,-162.98448,Low
18142.0,150,4,1014.9,253.725,1045.706,Medium
18143.0,116,2,1000.16,500.08,1015.07367,Medium
18144.0,7,12,2888.75,240.72916666666666,2866.8457,High
18145.0,12,4,2861.55,715.3875,2845.5132,High
18146.0,140,2,160.35000000000002,80.17500000000001,157.9391,Low
18147.0,45,2,179.33999999999997,89.66999999999999,171.59729,Low
18149.0,50,3,612.0799999999999,204.02666666666664,603.5064,Medium
18150.0,31,3,566.58,188.86,567.4011,Medium
18151.0,134,2,653.35,326.675,654.64056,Medium
18154.0,2,2,399.19,199.595,386.36078,Medium
18155.0,74,4,347.82,86.955,356.99298,Low
18156.0,12,2,734.94,367.47,754.25586,Medium
18158.0,8,3,451.75,150.58333333333334,454.1808,Medium
18159.0,300,1,530.15,530.15,544.87476,Medium
18160.0,56,2,638.0600000000001,319.03000000000003,620.23785,Medium
18161.0,9,6,1612.79,268.79833333333335,1662.9716,High
18164.0,30,2,394.7,197.35,380.09286,Medium
18165.0,176,1,302.46000000000004,302.46000000000004,301.2925,Low
18167.0,3,6,1355.51,225.91833333333332,1356.8978,High
18168.0,175,9,1133.64,125.96000000000001,1126.0527,Medium
18169.0,60,1,202.65,202.65,200.88055,Low
18170.0,32,3,980.31,326.77,996.0776,Medium
18171.0,58,7,1208.51,172.6442857142857,1205.1444,High
18172.0,14,25,7490.17,299.6068,7417.6934,High
18173.0,86,4,2106.84,526.71,2111.7605,High
18174.0,6,1,104.0,104.0,96.10639,Low
18176.0,353,2,448.65,224.325,435.72006,Medium
18177.0,30,7,1314.17,187.73857142857145,1357.5891,High
18178.0,113,6,1573.41,262.235,1634.2147,High
18179.0,8,6,1793.17,298.8616666666667,1714.2374,High
18180.0,4,6,1843.75,307.2916666666667,1821.4147,High
18181.0,23,1,382.8,382.8,384.21313,Medium
18183.0,217,6,600.52,100.08666666666666,616.25165,Medium
18184.0,14,1,49.8,49.8,47.545647,Low
18185.0,248,1,304.25,304.25,302.64874,Low
18188.0,14,4,1998.49,499.6225,1976.4866,High
18189.0,77,3,1084.34,361.44666666666666,1083.9429,Medium
18190.0,191,3,274.51,91.50333333333333,262.71442,Low
18191.0,261,1,207.79999999999998,207.79999999999998,202.07246,Low
18192.0,71,1,957.97,957.97,981.5343,Medium
18193.0,150,3,212.96,70.98666666666666,206.50244,Low
18194.0,63,2,896.0,448.0,902.6268,Medium
18196.0,94,2,689.13,344.565,663.8624,Medium
18198.0,3,21,5083.06,242.05047619047622,4984.29,High
18200.0,105,1,163.8,163.8,168.22655,Low
18202.0,199,3,1396.99,465.66333333333336,1386.1504,High
18203.0,156,1,160.42000000000002,160.42000000000002,167.21004,Low
18204.0,70,4,1979.3,494.825,1926.1511,High
18205.0,35,2,517.36,258.68,519.43616,Medium
18209.0,28,1,139.10000000000002,139.10000000000002,140.21982,Low
18210.0,1,6,2621.38,436.8966666666667,2604.2532,High
18211.0,25,5,600.07,120.01400000000001,603.2477,Medium
18212.0,325,1,248.42,248.42,251.8005,Low
18213.0,236,1,232.48000000000002,232.48000000000002,231.77203,Low
18215.0,88,1,299.34000000000003,299.34000000000003,301.2925,Low
18216.0,30,1,481.75,481.75,478.9939,Medium
18217.0,28,2,621.75,310.875,618.3044,Medium
18218.0,205,4,626.38,156.595,653.91156,Medium
18219.0,2,11,2019.77,183.61545454545455,2064.028,High
18220.0,219,2,297.78000000000003,148.89000000000001,302.15256,Low
18221.0,21,6,1033.31,172.21833333333333,1048.1367,Medium
18222.0,92,1,443.0,443.0,444.29715,Medium
18223.0,1,27,6315.2300000000005,233.89740740740743,6312.452,High
18224.0,263,1,158.95000000000002,158.95000000000002,158.14795,Low
18225.0,2,17,5361.02,315.35411764705884,5370.147,High
18226.0,38,14,5192.1,370.86428571428576,5120.569,High
18227.0,217,1,93.75,93.75,95.092865,Low
18228.0,49,3,769.2,256.40000000000003,762.44727,Medium
18229.0,11,20,7276.900000000001,363.845,7000.8076,High
18230.0,8,10,2716.6000000000004,271.66,2770.4539,High
18231.0,191,6,2066.17,344.3616666666667,2051.1504,High
18232.0,81,5,582.47,116.494,594.91003,Medium
18233.0,325,1,440.0,440.0,441.26657,Medium
18235.0,71,3,1796.48,598.8266666666667,1774.8125,High
18236.0,29,6,882.24,147.04,867.0253,Medium
18237.0,2,5,987.1,197.42000000000002,1010.48065,Medium
18239.0,218,5,1561.6100000000001,312.322,1533.5911,High
18240.0,45,1,422.58,422.58,420.4254,Medium
18241.0,9,18,2058.09,114.33833333333334,2304.3352,High
18242.0,71,4,2232.4900000000002,558.1225000000001,2199.9265,High
18245.0,6,8,2507.56,313.445,2523.2307,High
18246.0,23,2,596.1,298.05,591.6205,Medium
18248.0,113,4,783.02,195.755,780.8713,Medium
18249.0,16,1,95.34,95.34,91.16401,Low
18250.0,300,2,342.92,171.46,348.3176,Low
18251.0,86,1,4314.72,4314.72,4700.562,High
18252.0,50,2,526.67,263.335,513.1313,Medium
18255.0,88,1,103.3,103.3,102.44037,Low
18256.0,354,1,-50.1,-50.1,-1042.394,Low
18257.0,38,12,2265.38,188.78166666666667,2261.333,High
18259.0,24,3,2338.6000000000004,779.5333333333334,2347.8208,High
18260.0,172,8,2595.0,324.375,2660.7712,High
18261.0,42,2,324.24,162.12,326.9528,Low
18262.0,139,1,149.48,149.48,148.90076,Low
18263.0,22,4,1211.08,302.77,1256.3638,High
18265.0,71,2,801.51,400.755,778.8812,Medium
18268.0,133,2,0.0,0.0,19.65599,Low
18269.0,357,2,138.9,69.45,125.1251,Low
18270.0,37,3,238.95000000000002,79.65,243.98393,Low
18272.0,2,7,3064.78,437.8257142857143,3068.4805,High
18273.0,1,3,204.0,68.0,205.32597,Low
18274.0,17,2,1.7763568394002505e-15,8.881784197001252e-16,6.9118967,Low
18276.0,20,3,323.36,107.78666666666668,339.42938,Low
18277.0,57,2,97.63,48.815,98.793655,Low
18278.0,73,1,173.9,173.9,170.59387,Low
18280.0,277,1,180.60000000000002,180.60000000000002,181.75734,Low
18281.0,180,1,80.82,80.82,79.97123,Low
18282.0,7,3,176.6,58.86666666666667,188.25797,Low
18283.0,3,16,2094.88,130.93,2097.6152,High
18287.0,42,3,1837.28,612.4266666666666,1898.3276,High
